datetime,open,high,low,close
4/14/2026,4740.96568,4796.596,4740.70858,4779.95763
4/13/2026,4750.43695,4752.99783,4643.55787,4740.74803
4/12/2026,4750.45842,4756.1901,4749.83663,4750.50252
4/11/2026,4749.54972,4750.78067,4749.02268,4750.52873
4/10/2026,4766.49515,4795.33901,4732.48466,4749.58009
4/9/2026,4719.63631,4800.71915,4696.30581,4766.56409
4/8/2026,4706.29881,4855.11363,4700.18732,4719.47769
4/7/2026,4649.66027,4719.86105,4604.80231,4706.39311
4/6/2026,4676.41981,4705.73244,4598.01008,4649.76527
4/5/2026,4676.42856,4676.63225,4676.34757,4676.50455
4/4/2026,4676.42625,4676.82173,4676.01177,4676.50865
4/3/2026,4675.27835,4677.0164,4665.06785,4676.48581
4/2/2026,4767.94778,4798.53894,4555.06888,4675.33535
4/1/2026,4683.78257,4792.52135,4657.92829,4768.03194
3/31/2026,4513.5833,4684.74132,4486.81893,4683.73771
3/30/2026,4507.70172,4579.18712,4420.32741,4513.40774
3/29/2026,4507.7127,4507.90906,4507.63074,4507.67826
3/28/2026,4514.75649,4514.81293,4492.13517,4507.6873
3/27/2026,4362.52539,4550.97345,4352.84304,4514.84071
3/26/2026,4531.38161,4546.06827,4358.34529,4362.63551
3/25/2026,4399.59355,4602.63009,4396.84803,4531.47513
3/24/2026,4399.37578,4448.78875,4310.39454,4399.4287
3/23/2026,4497.4395,4532.22948,4104.81533,4400.00688
3/22/2026,4497.44028,4497.6526,4497.37925,4497.51799
3/21/2026,4500.48478,4513.49018,4490.7061,4497.5218
3/20/2026,4637.58944,4736.02113,4475.36646,4500.6531
3/19/2026,4842.10656,4868.11576,4514.89843,4637.62973
3/18/2026,4998.63708,5016.82098,4837.58291,4841.92773
3/17/2026,5012.46151,5042.92294,4978.14194,4998.9783
3/16/2026,5019.68973,5036.81037,4966.61001,5012.64443
3/15/2026,5019.68973,5032.13817,5018.9006,5019.79532
3/14/2026,5022.68373,5028.6784,5010.37858,5019.79237
3/13/2026,5083.57604,5127.98504,5003.47363,5020.31894
3/12/2026,5183.22388,5191.16983,5081.35272,5083.42129
3/11/2026,5198.01685,5223.2619,5158.04347,5183.31222
3/10/2026,5141.93524,5237.80436,5122.45155,5197.99865
3/9/2026,5171.05327,5204.69053,5014.43471,5142.17754
3/8/2026,5171.07466,5171.29987,5167.45393,5171.09086
3/7/2026,5161.28762,5173.49951,5151.19721,5171.10452
3/6/2026,5065.45447,5174.13733,5054.73982,5161.43884
3/5/2026,5136.26707,5194.57816,5054.59315,5065.44602
3/4/2026,5113.69812,5203.82419,5083.87185,5136.55908
3/3/2026,5330.72524,5378.90889,4986.15049,5113.42789
3/2/2026,5277.88876,5417.76449,5267.50196,5330.94854
3/1/2026,5277.89433,5278.12724,5277.68405,5277.8835
2/28/2026,5250.99881,5280.2302,5249.91264,5277.88359
2/27/2026,5187.77974,5256.86705,5166.01681,5251.01854
2/26/2026,5205.15431,5205.65282,5127.32727,5187.84755
2/25/2026,5154.62929,5218.1188,5123.07465,5205.26524
2/24/2026,5215.69065,5250.6274,5100.79752,5154.62888
2/23/2026,5098.50048,5219.46186,5098.189,5215.65797
2/22/2026,5098.51348,5098.73552,5098.43388,5098.59632
2/21/2026,5079.37865,5105.22068,5076.80371,5098.61379
2/20/2026,4987.7054,5079.5811,4980.29089,5079.40187
2/19/2026,4980.59213,5022.36806,4960.9654,4987.51618
2/18/2026,4881.2785,5008.54216,4856.71848,4980.67537
2/17/2026,4992.35719,4999.41567,4853.25576,4881.25215
2/16/2026,5043.13127,5044.13251,4968.76904,4992.462
2/15/2026,5043.09069,5043.34381,5043.00674,5043.2085
2/14/2026,5029.60512,5044.24291,5023.95409,5043.16482
2/13/2026,4944.9452,5045.31285,4892.56375,5029.89519
2/12/2026,5080.93854,5101.36263,4891.22479,4945.1794
2/11/2026,5028.88591,5115.80964,5021.08147,5080.6557
2/10/2026,5074.60676,5084.15262,5002.86032,5028.8494
2/9/2026,5010.62241,5093.76098,4971.92857,5074.62168
2/8/2026,4959.01867,5028.17538,4958.9515,5011.35623
2/7/2026,4957.64609,4964.08055,4938.91135,4959.11017
2/6/2026,4830.27158,4972.30477,4654.91557,4957.75097
2/5/2026,4941.44978,5024.78529,4798.77728,4831.82164
2/4/2026,4926.18518,5090.97076,4863.23494,4941.50845
2/3/2026,4685.64115,4993.13125,4647.23171,4926.47711
2/2/2026,4865.35405,4879.10052,4410.8453,4687.13788
2/1/2026,4865.35613,4865.59398,4865.28403,4865.45954
1/31/2026,4943.36462,4943.36462,4829.73898,4865.45982
1/30/2026,5308.49315,5451.71009,4706.06585,4940.66781
1/29/2026,5326.98804,5597.22988,5122.5375,5310.53137
1/28/2026,5099.1982,5329.23026,5098.86184,5327.17903
1/27/2026,5029.23113,5102.59816,4999.05307,5099.19537
1/26/2026,4982.40644,5108.49956,4979.13611,5029.16284
1/25/2026,4982.42698,4984.37168,4981.87684,4982.45467
1/24/2026,4984.87402,4986.59233,4972.26855,4982.4814
1/23/2026,4911.87195,4990.21326,4902.18615,4984.67331
1/22/2026,4780.26923,4923.18891,4775.0818,4911.86931
1/21/2026,4760.69265,4885.77139,4747.79286,4780.28158
1/20/2026,4670.79201,4767.45217,4660.31632,4760.79846
1/19/2026,4595.25035,4686.1434,4588.36075,4670.82045
1/18/2026,4595.27991,4595.67224,4595.07714,4595.28796
1/17/2026,4590.53336,4597.8108,4579.84926,4595.30975
1/16/2026,4615.42757,4620.35762,4533.25987,4590.58565
1/15/2026,4639.51866,4641.81025,4581.64955,4615.51073
1/14/2026,4597.55208,4641.32613,4571.4012,4639.42556
1/13/2026,4611.36907,4632.91936,4574.39161,4597.7796
1/12/2026,4509.80434,4631.59455,4509.22139,4611.33102
1/11/2026,4509.81471,4510.04601,4509.71232,4509.83173
1/10/2026,4499.90988,4511.053,4497.61855,4509.84807
1/9/2026,4451.60002,4515.83105,4451.56766,4499.75264
1/8/2026,4457.36735,4466.13399,4407.90536,4451.55911
1/7/2026,4481.4641,4500.4487,4425.27169,4457.24727
1/6/2026,4440.19627,4493.57837,4429.30632,4481.54678
1/5/2026,4330.49629,4454.41557,4329.27104,4440.26689
1/4/2026,4330.49282,4331.70186,4330.26423,4330.51407
1/3/2026,4319.10312,4334.91082,4315.21198,4330.47347
1/2/2026,4315.0866,4402.87822,4310.36817,4319.3054
1/1/2026,4311.23326,4326.44321,4304.69385,4315.16528
12/31/2025,4346.83879,4372.76325,4279.06735,4311.26879
12/30/2025,4337.39758,4405.82213,4325.67935,4346.71282
12/29/2025,4532.61769,4547.90835,4307.57154,4337.36579
12/28/2025,4532.61899,4532.8813,4531.44651,4532.58587
12/27/2025,4523.48301,4534.74851,4522.15204,4532.69019
12/26/2025,4479.62443,4550.78973,4476.55334,4523.58231
12/25/2025,4479.62632,4480.72434,4479.00292,4479.69741
12/24/2025,4491.63223,4525.85005,4451.05034,4479.69441
12/23/2025,4433.51735,4498.40302,4431.79418,4491.60078
12/22/2025,4338.52403,4443.81931,4338.17759,4433.70172
12/21/2025,4338.53784,4338.7268,4338.45602,4338.55589
12/20/2025,4345.83332,4346.01548,4336.79635,4338.63147
12/19/2025,4324.94935,4356.27683,4311.66104,4345.9183
12/18/2025,4336.87959,4376.2737,4308.87716,4325.06663
12/17/2025,4310.3026,4348.63257,4301.10812,4336.82339
12/16/2025,4314.60283,4334.17857,4268.69498,4310.06308
12/15/2025,4302.43395,4350.09414,4286.91234,4314.55996
12/14/2025,4302.42429,4302.61883,4302.36226,4302.5204
12/13/2025,4296.78407,4304.4202,4289.06841,4302.40463
12/12/2025,4273.60179,4352.66531,4259.01477,4296.83443
12/11/2025,4215.87471,4287.12029,4204.46736,4273.56204
12/10/2025,4212.73084,4219.56716,4182.65249,4215.85221
12/9/2025,4186.39665,4220.84751,4171.40677,4212.89339
12/8/2025,4197.37604,4218.46194,4175.24856,4186.46637
12/7/2025,4197.36867,4197.56019,4197.29437,4197.34601
12/6/2025,4207.84169,4207.84169,4192.07322,4197.40394
12/5/2025,4208.73724,4258.54495,4195.39646,4207.63103
12/4/2025,4208.55717,4220.43,4176.80186,4208.77715
12/3/2025,4199.64034,4243.15096,4195.0201,4208.56484
12/2/2025,4234.45988,4242.3133,4167.30243,4199.63913
12/1/2025,4216.34255,4265.37936,4202.4477,4234.38252
11/30/2025,4216.34576,4216.8431,4216.2683,4216.34338
11/29/2025,4212.63224,4231.26834,4171.98663,4216.44184
11/28/2025,4158.00496,4225.13635,4157.6383,4212.73023
11/27/2025,4163.49718,4168.69798,4143.6376,4157.99178
11/26/2025,4133.36559,4174.01012,4127.49532,4163.51163
11/25/2025,4119.40396,4159.14589,4110.34558,4133.2823
11/24/2025,4065.88586,4127.83474,4040.59968,4119.43498
11/23/2025,4065.8935,4066.14254,4065.81953,4065.93911
11/22/2025,4087.46663,4088.56214,4054.98727,4065.96908
11/21/2025,4084.50767,4099.55818,4025.66492,4087.44933
11/20/2025,4074.14058,4110.93765,4040.886,4084.63177
11/19/2025,4081.01883,4132.42981,4054.87269,4074.0584
11/18/2025,4012.09619,4081.09747,3999.63117,4081.01142
11/17/2025,4080.45515,4106.23731,4011.04777,4012.12221
11/16/2025,4080.45349,4080.63709,4080.36819,4080.496
11/15/2025,4089.52774,4092.08163,4075.2912,4080.42743
11/14/2025,4164.48871,4210.97208,4034.28982,4089.59042
11/13/2025,4196.38921,4244.30211,4141.94031,4164.62689
11/12/2025,4123.20807,4213.30684,4100.37736,4196.46651
11/11/2025,4105.78,4146.07515,4096.85211,4123.19184
11/10/2025,3997.16,4110,3994.22,4105.78
11/8/2025,4003.1,4003.1,3986.75,3992.44
11/7/2025,3981.31,4014.99,3972.1,4003.11
11/6/2025,3984.64,4020,3958.68,3981.31
11/5/2025,3930.56,3985.32,3920,3984.63
11/4/2025,3999.67,4009.04,3918,3930.56
11/3/2025,3997.44,4024.93,3962.2,3999.2
11/1/2025,3995.65,4009.88,3991.21,4001.4
10/31/2025,4020.71,4040,3971.81,3995.65
10/30/2025,3949.55,4023,3921.71,4020.42
10/29/2025,3967.97,4031.43,3930.08,3949.3
10/28/2025,3980.41,4013.17,3900,3967.98
10/27/2025,4098.77,4099.51,3951,3980.31
10/25/2025,4097.3,4127.13,4090.99,4111.21
10/24/2025,4117.36,4139.62,4045.25,4097.3
10/23/2025,4101.33,4157.46,4057.14,4117
10/22/2025,4114.09,4167.79,4020,4101.48
10/21/2025,4388.43,4390.74,4094.72,4114.57
10/20/2025,4231,4401.66,4214.16,4388.43
10/18/2025,4236.81,4273.28,4188,4237.99
10/17/2025,4333.07,4530,4192.55,4236.8
10/16/2025,4230.95,4336.65,4219.82,4333.33
10/15/2025,4155.53,4240.29,4151.67,4230.95
10/14/2025,4124,4200,4103.38,4155.65
10/13/2025,4002.99,4124.06,4002.63,4124
10/11/2025,4024.43,4030.95,3600,3997.52
10/10/2025,3989.19,4033,3957.29,4024.44
10/9/2025,4056.45,4072,3961.94,3989.18
10/8/2025,3994.92,4079.48,3992.98,4056.45
10/7/2025,3970.74,4000,3953.39,3994.92
10/6/2025,3891.88,3979,3890.53,3970.74
10/4/2025,3885.25,3900.72,3842.52,3893.47
10/3/2025,3861.5,3889.99,3843.79,3885.26
10/2/2025,3875.48,3899,3823.79,3861.5
10/1/2025,3869.18,3904.58,3863.63,3875.49
9/30/2025,3842.19,3880.69,3806.92,3869.18
9/29/2025,3770,3844.84,3768.57,3842.19
9/27/2025,3771.51,3784.69,3764.5,3783.35
9/26/2025,3757.68,3799,3742.04,3771.5
9/25/2025,3747.29,3773.55,3730,3757.69
9/24/2025,3777.11,3788.79,3720.78,3747.29
9/23/2025,3760.42,3800,3748.89,3777.03
9/22/2025,3689.63,3762.62,3686.83,3760.41
9/20/2025,3688.92,3693.04,3683.34,3691.44
9/19/2025,3647.62,3690.09,3641.01,3688.92
9/18/2025,3664.38,3674.27,3638.08,3647.61
9/17/2025,3696.78,3708.49,3657.59,3664.37
9/16/2025,3683.47,3712.69,3677.61,3696.78
9/15/2025,3652.38,3692.79,3635.07,3683.47
9/13/2025,3642.08,3646.34,3625.47,3632.77
9/12/2025,3634.01,3655.89,3630.53,3642.08
9/11/2025,3641.3,3646.92,3614.09,3634.06
9/10/2025,3638.48,3664,3630,3641.3
9/9/2025,3641.12,3681.7,3633.36,3638.7
9/8/2025,3609.59,3649.32,3588.12,3641.18
9/6/2025,3590,3611.68,3590,3606.64
9/5/2025,3553.16,3599.1,3548.64,3590.01
9/4/2025,3573.33,3578.25,3527.55,3553.16
9/3/2025,3550.4,3587.5,3542.4,3573.33
9/2/2025,3490.82,3556.69,3486.35,3550.4
9/1/2025,3467.33,3502,3451.13,3490.83
8/30/2025,3455.6,3466.73,3451.04,3463.81
8/29/2025,3419.77,3464.7,3407.8,3455.59
8/28/2025,3388.81,3423.25,3378,3419.78
8/27/2025,3379.9,3388.82,3365,3388.82
8/26/2025,3349.54,3379.98,3336,3379.95
8/25/2025,3358.02,3366.68994,3349.12,3349.54
8/23/2025,3363.43,3366.18,3345.51,3359.72
8/22/2025,3332.13,3363.43,3318.28,3363.42
8/21/2025,3339.88,3342.56,3318.25,3332.14
8/20/2025,3314.84,3339.91,3301.77,3339.88
8/19/2025,3331.76,3342.06,3308.01,3314.82
8/18/2025,3330.09,3380,3322,3331.75
8/16/2025,3329.35,3336.01,3327.21,3331.25
8/15/2025,3330.23,3341.09,3326.01,3329.36
8/14/2025,3350.8,3361,3324.39,3330.23
8/13/2025,3342.52,3358.6,3335.55,3350.8
8/12/2025,3344.14,3357.52,3332,3342.47
8/11/2025,3386.51,3391.7,3339.63,3344.13
8/9/2025,3387.21,3393.8,3375,3389.32
8/8/2025,3389.03,3397.81,3375.19,3387.21
8/7/2025,3371.54,3394.98,3368.36,3389.29
8/6/2025,3379.59,3385.25,3362.51,3371.53
8/5/2025,3378.97,3393.62,3353.8,3379.58
8/4/2025,3368.63,3384.39,3348.8,3378.96
8/2/2025,3361.89,3369.98,3355.58,3361.38
8/1/2025,3299.42,3362,3289.05,3361.89
7/31/2025,3292.2,3321.34,3288.88,3299.41
7/30/2025,3334.23,3340.28,3283,3291.98
7/29/2025,3322.01,3338.09,3318.39,3334.24
7/28/2025,3348.18,3351.53,3312,3322.01
7/26/2025,3347.16,3358.44,3345.6,3352.96
7/25/2025,3370.59,3373.55005,3326.32007,3347.17
7/24/2025,3389.03,3396.34,3359.33,3370.59
7/23/2025,3427.08,3437.79004,3386.11,3389.03
7/22/2025,3397.33,3433.43994,3383.24,3427.09
7/21/2025,3345,3401.3999,3345,3397.33
7/20/2025,3349.4,3352.8,3346.3,3347.3
7/19/2025,3347.6,3352.6,3341.9,3348
7/18/2025,3303.71,3361.28003,3303.71,3347.9
7/17/2025,3344.7,3352.25,3309.98999,3337.6
7/16/2025,3324.3,3377.18994,3319.92993,3344.7
7/15/2025,3342.4,3366.24,3320.36011,3324.6
7/14/2025,3356.92,3375.02002,3341.1499,3342.4
7/13/2025,3348,3350.9,3345.4,3349.4
7/12/2025,3349.8,3354.76,3343.6,3348.6
7/11/2025,3318.9,3367.45996,3314.8,3349.9
7/10/2025,3312.1,3330.21,3306.2,3323.67
7/9/2025,3299.1,3316.87012,3282.8999,3312.1
7/8/2025,3333.8,3345.7,3287.21,3301.03
7/7/2025,3334.01,3342.05,3296.5,3336.82
7/6/2025,3335.2,3339.5,3332.1,3334.6
7/5/2025,3335.24,3339.8,3331.3,3336.7
7/4/2025,3323.5,3344.98,3322.7,3336.8
7/3/2025,3352,3365.61,3311.66,3323.9
7/2/2025,3336.1,3359.060059,3325.7,3352
7/1/2025,3305.4,3357.96997,3300,3336.4
6/30/2025,3272.3,3309.21997,3248.98,3302.90991
6/29/2025,3273.8,3273.8,3271.9,3272
6/28/2025,3278.3,3284.3,3273.67,3284.3
6/27/2025,3326.7,3329,3255.97998,3278
6/26/2025,3331.1,3350.25,3310,3328.09
6/25/2025,3325.5,3337.3,3313.41992,3332.13989
6/24/2025,3370.9,3383.3,3299.91992,3324.9
6/23/2025,3412.9,3419.5,3347.02,3369.1001
6/22/2025,3409.5,3434.2,3406.3,3413.8
6/21/2025,3373.4,3381.9,3373.2,3380.3
6/20/2025,3381.3,3381.3,3340.32,3368.76
6/19/2025,3371.9,3389.2,3347.72998,3381.2
6/18/2025,3388.7,3399.98,3362.68994,3372.1
6/17/2025,3384.6,3403.21,3366.09,3387.3
6/16/2025,3446,3455.7,3383,3383.53
6/15/2025,3453.7,3458.1,3453.6,3457.7
6/14/2025,3436.2,3447.7,3430,3438.1
6/13/2025,3382,3446.58,3379.82,3432.19
6/12/2025,3352.3,3398.78,3338.68,3381.9
6/11/2025,3321.7,3360.6,3315.45,3352.3
6/10/2025,3327.2,3348.99,3302.09,3323.47
6/9/2025,3315,3338.20996,3293.58,3327.6
6/8/2025,3316,3321.6,3315.3,3319.1
6/7/2025,3318.1,3324.7,3315.2,3317.9
6/6/2025,3353.1,3375.45,3307.1,3310.1
6/5/2025,3376.5,3403.33,3339.5,3353
6/4/2025,3354.3,3384.66,3343.75,3372.34
6/3/2025,3381.01,3392.07,3333.38,3354.3
6/2/2025,3296.6,3382.66,3295.29,3381.02
6/1/2025,3297.1,3298.5,3295.5,3295.5
5/31/2025,3295.8,3301.1,3291.5,3291.8
5/30/2025,3317.11,3323.8,3277.61,3288.52
5/29/2025,3291.2,3328.34,3249.59,3317.95
5/28/2025,3300,3325.27,3277,3291.4
5/27/2025,3345.6,3353.6,3288.25,3299.7
5/26/2025,3354.88,3356.51,3324,3346.6
5/25/2025,3360.6,3364.5,3359.7,3359.7
5/24/2025,3356.8,3359.5,3350.1,3355.7
5/23/2025,3298.7,3366,3287,3355.9
5/22/2025,3314.4,3345.31,3279.27,3294.79
5/21/2025,3285.4,3324.65,3284.6,3315.56
5/20/2025,3232,3295.54,3204.53,3285.1
5/19/2025,3229,3249.65,3206,3229.15
5/18/2025,3209.2,3212.4,3206.7,3208.3
5/17/2025,3209.6,3211.5,3199.3,3207.2
5/16/2025,3245,3252.5,3154.27,3209.7
5/15/2025,3181.2,3245.2,3120.92,3244.5
5/14/2025,3247.8,3256.97,3167.95,3181.2
5/13/2025,3237.6,3265.33,3215.92,3248.5
5/12/2025,3290,3305.79,3207.7,3235.24
5/10/2025,3326.9,3332.7,3320.7,3322
5/9/2025,3309.6,3347.26,3275,3323.64
5/8/2025,3366.7,3414.52,3288.91,3309.4
5/7/2025,3435,3440.4,3360.23,3366.6
5/6/2025,3340.6,3440,3323.53,3434.7
5/5/2025,3252.8,3341.1,3236.68,3335
5/4/2025,3255.7,3255.9,3252.6,3252.7
5/3/2025,3255.4,3259.8,3244.3,3257
5/2/2025,3250.3,3269.02,3223,3254.9
5/1/2025,3292.2,3293.6,3201.9,3238.64
4/30/2025,3317.2,3325.7,3267.16,3292
4/29/2025,3344,3347.15,3304.6,3317.6
4/28/2025,3319.8,3352.91,3274.3,3344.1
4/27/2025,3315.1,3324.6,3315.1,3321
4/26/2025,3316.6,3319.6,3309.9,3314
4/25/2025,3354.8,3376.8,3270.6,3316.3
4/24/2025,3303.9,3388.5,3298.9,3354.9
4/23/2025,3392.6,3403.1,3281.5,3303.3
4/22/2025,3423.49,3499.87,3381.2,3394.4
4/21/2025,3327.93,3430.47,3327.93,3422.8
4/19/2025,3326.27,3326.27,3326.27,3326.27
4/18/2025,3326.27,3326.27,3326.27,3326.27
4/17/2025,3344.05,3345.29,3283.94,3326.19
4/14/2025,3222.11011,3245.76001,3213.87988,3222.050049
4/11/2025,3177.28003,3245.36011,3176.51001,3238.18994
4/10/2025,3081.51001,3176.41992,3071.62012,3175.47998
4/9/2025,2984.53003,3099.46997,2970.13989,3083.16992
4/8/2025,2982.71997,3022.67993,2975.060059,2982.15991
4/7/2025,3029.8999,3055.63989,2956.90991,2982.030029
4/5/2025,3036.31006,3041.070068,3033.8999,3038.17993
4/4/2025,3107.71997,3136.28003,3016.16992,3036.47998
4/3/2025,3124.41992,3167.70996,3054.31006,3107.63989
4/2/2025,3118.67993,3135.77002,3107.8999,3124.19995
4/1/2025,3124.3501,3149.030029,3100.90991,3118.69995
3/31/2025,3093,3127.87988,3076.82007,3124.55005
3/29/2025,3080.8501,3086.18994,3080.8501,3085.28003
3/28/2025,3057.53003,3086.80005,3054.25,3080.96997
3/27/2025,3017.31006,3059.58008,3017.23999,3057.58008
3/26/2025,3019.65991,3032.13989,3012.44995,3017.20996
3/25/2025,3006.19995,3036.050049,3005.73999,3019.63989
3/24/2025,3023.30005,3033.38989,3002.62012,3006.18994
3/22/2025,3020.040039,3024.1499,3020.030029,3023.8501
3/21/2025,3044.81006,3047.51001,2999.47998,3019.94995
3/20/2025,3047.82007,3057.36011,3025.76001,3044.82007
3/19/2025,3035.77002,3051.98999,3022.95996,3047.87988
3/18/2025,3000.3999,3038.33008,2999.6001,3035.52002
3/17/2025,2987.8501,3001.22998,2982.33008,3000.37012
3/15/2025,2984.01001,2988.87988,2981.93994,2985.040039
3/14/2025,2983.12988,3004.94995,2978.59009,2984.02002
3/13/2025,2931.34009,2985.43994,2930.94995,2982.97998
3/12/2025,2918.36011,2940.6001,2906.22998,2931.37988
3/11/2025,2885.18994,2922.26001,2880.43994,2918.48999
3/10/2025,2912.41992,2918.28003,2880.3999,2885.37012
3/8/2025,2905.3501,2912.82007,2904.88989,2909.43994
3/7/2025,2913.8501,2930.42993,2896.83008,2905.45996
3/6/2025,2920.62012,2926.59009,2891.43994,2914.080078
3/5/2025,2915.95996,2929.8501,2894.44995,2920.62988
3/4/2025,2881.63989,2927.84009,2878.47998,2916.21997
3/3/2025,2873.30005,2893.02002,2859.02002,2881.69995
3/1/2025,2849.51001,2859.36011,2847.77002,2857.44995
2/28/2025,2879.37012,2885.22998,2832.77002,2849.79004
2/27/2025,2914,2920.8501,2868.090088,2879.27002
2/26/2025,2912.15991,2930.25,2890.8999,2913.97998
2/25/2025,2949.21997,2953.69995,2888.6499,2912.18994
2/24/2025,2939.67993,2956.26001,2921.5,2949.37988
2/22/2025,2933.31006,2938.3501,2932.16992,2936.080078
2/21/2025,2938.02002,2949.87012,2916.87012,2933.52002
2/20/2025,2931.77002,2954.88989,2924.3999,2937.97998
2/19/2025,2935.8501,2947.050049,2918.8501,2931.84009
2/18/2025,2899.33008,2936.95996,2892.12988,2935.8501
2/17/2025,2893.67993,2906.41992,2878.90991,2898.3999
2/15/2025,2880.67993,2886.25,2877.1499,2882.54004
2/14/2025,2926.92993,2940.1001,2878.94995,2880.76001
2/13/2025,2897.95996,2927.47998,2895.62012,2926.96997
2/12/2025,2900.26001,2909.12988,2864.22998,2897.92993
2/11/2025,2904.44995,2942.68994,2881.8999,2900.29004
2/10/2025,2861.3999,2911.43994,2860.44995,2904.41992
2/8/2025,2860.12988,2863.88989,2859.47998,2860.87012
2/7/2025,2854,2886.81006,2852.70996,2860.29004
2/6/2025,2863.65991,2873.27002,2834.3501,2854.050049
2/5/2025,2843.1499,2882.3501,2839.87012,2863.66992
2/4/2025,2818.29004,2845.51001,2807.37012,2843.1001
2/3/2025,2802.30005,2830.6001,2772.37988,2818.37012
2/1/2025,2796.070068,2802.58008,2794.37012,2798.52002
1/31/2025,2793.3999,2817.12012,2789.55005,2796.33008
1/30/2025,2755.20996,2798.47998,2752.75,2793.54004
1/29/2025,2764.8501,2766.30005,2744.90991,2755.32007
1/28/2025,2739.43994,2765.02002,2734.8999,2764.87012
1/27/2025,2765.66992,2772.61011,2730.59009,2739.37988
1/25/2025,2774.67993,2774.8501,2770.66992,2771.25
1/24/2025,2754.12012,2786.050049,2751.47998,2774.68994
1/23/2025,2755.44995,2758.83008,2735.96997,2754.19995
1/22/2025,2742.80005,2763.37988,2740.15991,2755.42993
1/21/2025,2707.44995,2745.96997,2702.87012,2742.95996
1/20/2025,2703.15991,2713.98999,2689.44995,2708.31006
1/18/2025,2703.21997,2704.27002,2699.40991,2702.86011
1/17/2025,2715.40991,2717.44995,2702.88989,2703.27002
1/16/2025,2694.1001,2724.77002,2690.1001,2715.37988
1/15/2025,2674.34009,2696.060059,2669.42993,2693.93994
1/14/2025,2658.97998,2676.3501,2658.8501,2674.37988
1/13/2025,2689.93994,2693.32007,2656.90991,2658.97998
1/11/2025,2685.94995,2693.47998,2684.71997,2690.15991
1/10/2025,2670.3501,2697.8999,2664.13989,2685.93994
1/9/2025,2658.36011,2678.15991,2655.72998,2670.22998
1/8/2025,2649.43994,2669.95996,2645.3501,2658.3501
1/7/2025,2634.46997,2664.26001,2633.070068,2649.44995
1/6/2025,2639.91992,2649.46997,2614.88989,2634.47998
1/4/2025,2639.42993,2640.8501,2636.83008,2639.48999
1/3/2025,2654.93994,2665.34009,2639.17993,2639.68994
1/2/2025,2625.1499,2660.44995,2621.78003,2654.78003
1/1/2025,2623.66992,2625.030029,2622.15991,2624.56006
12/31/2024,2607.15991,2627.57007,2602.69995,2623.84009
12/30/2024,2621.61011,2628.11011,2596.19995,2607.17993
12/28/2024,2620.68994,2622.28003,2612.82007,2621.8999
12/27/2024,2634.94995,2638.36011,2611.81006,2620.72998
12/26/2024,2616.29004,2639.12012,2615.22998,2635.060059
12/24/2024,2611.37988,2621.46997,2609.22998,2617.27002
12/23/2024,2622.87988,2633.30005,2608.18994,2611.27002
12/21/2024,2627.93994,2628.13989,2619.3999,2623.29004
12/20/2024,2596.98999,2631.77002,2589.80005,2627.94995
12/19/2024,2604.63989,2626.44995,2583.55005,2596.8501
12/18/2024,2645.44995,2651.80005,2604.28003,2604.28003
12/17/2024,2653.3501,2658.76001,2633.22998,2645.40991
12/16/2024,2649.1499,2664.47998,2643.6499,2653.36011
12/14/2024,2653.030029,2653.56006,2646.23999,2648.51001
12/13/2024,2683.070068,2692.76001,2652.31006,2653.070068
12/12/2024,2718.12012,2726.30005,2675.22998,2683.070068
12/11/2024,2692.01001,2721.13989,2675.55005,2718.11011
12/10/2024,2659.96997,2695.61011,2656.82007,2691.97998
12/9/2024,2643.19995,2676.43994,2627.59009,2660.31006
12/7/2024,2635.030029,2636.46997,2631.21997,2633.19995
12/6/2024,2629.90991,2645.67993,2613.8501,2634.8999
12/5/2024,2651.72998,2655.56006,2623.68994,2629.87988
12/4/2024,2640.90991,2657.13989,2632.68994,2651.80005
12/3/2024,2637.6001,2655.62012,2634.27002,2641.030029
12/2/2024,2649.37988,2651.55005,2621.98999,2637.69995
11/29/2024,2638.67993,2666.3501,2634.43994,2650.11011
11/28/2024,2634.77002,2649.69995,2621.02002,2637.38989
11/27/2024,2628.27002,2658.21997,2627.1499,2634.78003
11/26/2024,2625.92993,2641.98999,2605.3501,2628.11011
11/25/2024,2711.84009,2721.34009,2615.72998,2625.72998
11/23/2024,2708.1499,2716.30005,2705.15991,2716.080078
11/22/2024,2669.78003,2711.47998,2668.15991,2708.22998
11/21/2024,2650.86011,2673.55005,2647.30005,2669.72998
11/20/2024,2630.81006,2655.47998,2618.96997,2650.94995
11/19/2024,2609.84009,2639.48999,2608.31006,2630.77002
11/18/2024,2568.13989,2615.090088,2568.13989,2609.87988
11/16/2024,2563.92993,2563.96997,2559.98999,2563.070068
11/15/2024,2576.060059,2576.15991,2554.62012,2563.93994
11/14/2024,2581.060059,2581.42993,2536.8999,2576.02002
11/13/2024,2598.26001,2618.68994,2577.72998,2581.050049
11/12/2024,2619.3501,2626.98999,2589.8999,2598.27002
11/11/2024,2682.55005,2686.12988,2610.76001,2619.23999
11/9/2024,2687.1499,2688.63989,2682.97998,2684.19995
11/8/2024,2694.3999,2710.43994,2680.3999,2687.18994
11/7/2024,2667.15991,2700.38989,2643.77002,2694.44995
11/6/2024,2740.44995,2749.72998,2652.6001,2667.15991
11/5/2024,2738.3999,2750.01001,2724.78003,2740.47998
11/4/2024,2733.36011,2748.22998,2732.01001,2738.38989
11/2/2024,2734.31006,2736.91992,2733.3999,2736.3999
11/1/2024,2746.57007,2762.31006,2733.31006,2734.15991
10/31/2024,2787.55005,2790.1001,2731.6499,2746.56006
10/30/2024,2772.34009,2790.01001,2771.060059,2787.56006
10/29/2024,2742.59009,2774.80005,2740.12012,2772.27002
10/28/2024,2733.68994,2745.98999,2724.80005,2742.59009
10/26/2024,2742.6001,2747.68994,2742.57007,2747.62988
10/25/2024,2736.8501,2745.1001,2717.17993,2742.56006
10/24/2024,2716.18994,2743.31006,2714.30005,2736.81006
10/23/2024,2748.65991,2758.51001,2708.88989,2716.1001
10/22/2024,2720.060059,2748.8999,2718.93994,2748.71997
10/21/2024,2723.13989,2740.6001,2714.34009,2719.93994
10/19/2024,2719.8501,2722.6001,2719.31006,2721.67993
10/18/2024,2692.13989,2721.30005,2691.02002,2719.71997
10/17/2024,2674.98999,2696.76001,2673.19995,2692.11011
10/16/2024,2661.84009,2685.27002,2658.77002,2674.97998
10/15/2024,2652.62012,2668.93994,2638.22998,2661.81006
10/14/2024,2649.93994,2666.72998,2643.31006,2652.63989
10/12/2024,2656.3501,2657.31006,2654.77002,2657.26001
10/11/2024,2629.42993,2661.47998,2628.23999,2656.17993
10/10/2024,2609.27002,2631.40991,2604.17993,2629.34009
10/9/2024,2622.98999,2624.38989,2605.22998,2609.26001
10/8/2024,2643.32007,2652.97998,2604.88989,2622.90991
10/7/2024,2651.75,2659.6499,2637.87988,2643.31006
10/4/2024,2657.070068,2670.19995,2632.1001,2653.52002
10/3/2024,2658.52002,2662.88989,2640.1001,2656.19995
10/2/2024,2661.94995,2663.32007,2641.27002,2658.80005
10/1/2024,2633.37988,2673.12012,2632.38989,2663.42993
9/30/2024,2661.73999,2666.050049,2624.77002,2634.72998
9/27/2024,2671.87988,2674.1499,2643.18994,2658.32007
9/26/2024,2657.56006,2685.61011,2655.13989,2672.43994
9/25/2024,2658.67993,2670.52002,2649.86011,2657.15991
9/24/2024,2627.17993,2664.37988,2622.81006,2657.13989
9/23/2024,2620.96997,2634.8501,2613.97998,2628.54004
9/20/2024,2586.26001,2625.82007,2584.88989,2622.27002
9/19/2024,2557.37988,2594.8999,2551.38989,2586.78003
9/18/2024,2569.48999,2600.15991,2547.15991,2559.37988
9/17/2024,2582.58008,2586.98999,2560.8999,2569.58008
9/16/2024,2578.28003,2589.68994,2575.31006,2582.51001
9/13/2024,2558.31006,2586.1001,2556.76001,2579.01001
9/12/2024,2512.32007,2560.1001,2511.11011,2558.75
9/11/2024,2516.42993,2528.86011,2501.090088,2511.51001
9/10/2024,2506.31006,2518.42993,2500.22998,2516.6499
9/9/2024,2497.050049,2507.21997,2485.71997,2506.31006
9/6/2024,2516.82007,2529.18994,2485.26001,2497.44995
9/5/2024,2495.45996,2523.22998,2493.90991,2516.76001
9/4/2024,2492.71997,2500.19995,2472.02002,2495.6499
9/3/2024,2499.37988,2506.28003,2473.68994,2492.97998
9/2/2024,2502.65991,2507.3501,2490.12012,2499.46997
8/30/2024,2521.030029,2526.80005,2494.34009,2503.44995
8/29/2024,2504.94995,2528.6499,2503.68994,2521.16992
8/28/2024,2525.27002,2529.01001,2493.71997,2504.72998
8/27/2024,2518.070068,2525.97998,2503.63989,2524.58008
8/26/2024,2512.12012,2526.8501,2508.78003,2518.040039
8/23/2024,2485.12012,2518.36011,2484.48999,2512.40991
8/22/2024,2511.96997,2514.68994,2470.90991,2484.80005
8/21/2024,2513.46997,2520.02002,2494.46997,2512.40991
8/20/2024,2503.42993,2531.71997,2497.38989,2514.02002
8/19/2024,2506.40991,2507.46997,2485.82007,2504.31006
8/16/2024,2456.19995,2509.72998,2450.82007,2507.69995
8/15/2024,2448.080078,2470.090088,2432.28003,2456.48999
8/14/2024,2466.90991,2479.81006,2438.26001,2448.02002
8/13/2024,2470.82007,2476.98999,2458.56006,2465.060059
8/12/2024,2428.30005,2473.19995,2423.8999,2472.13989
8/9/2024,2426.84009,2437.1001,2416.97998,2431.13989
8/8/2024,2382.36011,2427.6499,2381.070068,2427.27002
8/7/2024,2390.090088,2406.97998,2379.070068,2383.1001
8/6/2024,2410.76001,2418.3501,2381.84009,2389.8999
8/5/2024,2441.28003,2458.53003,2364.42993,2410.11011
8/2/2024,2446.51001,2477.72998,2411.19995,2442.67993
8/1/2024,2448.92993,2462.27002,2430.36011,2446.3999
7/31/2024,2409.73999,2450.96997,2403.94995,2447.51001
7/30/2024,2382.8501,2412.82007,2376.55005,2411.050049
7/29/2024,2388.01001,2403.25,2369.81006,2383.57007
7/26/2024,2364.33008,2390.80005,2355.87988,2387.070068
7/25/2024,2398.12012,2401.31006,2353.22998,2364.71997
7/24/2024,2408.8501,2431.98999,2396.86011,2397.29004
7/23/2024,2397.060059,2412.090088,2388.37988,2409.67993
7/22/2024,2403.84009,2412.15991,2384.02002,2396.57007
7/19/2024,2445.46997,2445.61011,2393.98999,2400.78003
7/18/2024,2458.90991,2474.93994,2440.47998,2445.090088
7/17/2024,2468.59009,2483.73999,2451.6499,2458.65991
7/16/2024,2421.97998,2469.6001,2420.070068,2468.67993
7/15/2024,2411.66992,2439.53003,2401.36011,2422.28003
7/12/2024,2414.8501,2418.31006,2391.53003,2411.11011
7/11/2024,2372.12012,2424.6001,2371.27002,2415.3501
7/10/2024,2364.42993,2386.68994,2363.32007,2371.37988
7/9/2024,2359.13989,2370.93994,2349.62012,2363.82007
7/8/2024,2389.57007,2391.19995,2351.23999,2359.20996
7/5/2024,2356.80005,2392.96997,2349.80005,2391.62012
7/4/2024,2357.030029,2362.55005,2350.81006,2357.44995
7/3/2024,2330.16992,2364.93994,2327.060059,2356.13989
7/2/2024,2332.22998,2336.78003,2319.42993,2329.46997
7/1/2024,2324.6499,2338.56006,2318.67993,2331.72998
6/28/2024,2327.6001,2339.71997,2319.18994,2326.68994
6/27/2024,2298.63989,2330.93994,2296.6001,2327.62012
6/26/2024,2319.38989,2324.02002,2293.80005,2298.26001
6/25/2024,2334.01001,2337.1499,2315.6001,2319.57007
6/24/2024,2321.43994,2334.68994,2317.78003,2334.38989
6/21/2024,2360.53003,2368.77002,2316.82007,2321.51001
6/20/2024,2330.22998,2365.53003,2327.81006,2360.15991
6/19/2024,2329.82007,2335.030029,2323.93994,2328.26001
6/18/2024,2320.060059,2333.1499,2306.65991,2329.47998
6/17/2024,2329.01001,2329.69995,2310.060059,2319.11011
6/14/2024,2303.18994,2336.63989,2301.62012,2332.79004
6/13/2024,2324.46997,2326.76001,2295.71997,2303.93994
6/12/2024,2316.62012,2341.67993,2310.82007,2324.97998
6/11/2024,2312.02002,2319.96997,2297.82007,2316.86011
6/10/2024,2297.34009,2313.82007,2287.86011,2310.97998
6/7/2024,2376.70996,2387.77002,2286.87988,2294.01001
6/6/2024,2357.050049,2378.47998,2353.6499,2375.8999
6/5/2024,2327.69995,2357.3999,2325.97998,2355.30005
6/4/2024,2351.92993,2352.80005,2315.72998,2327.01001
6/3/2024,2326.42993,2354.72998,2314.80005,2350.72998
5/31/2024,2344.26001,2359.71997,2320.6499,2327.38989
5/30/2024,2338.15991,2351.81006,2322.72998,2343.1001
5/29/2024,2362.3999,2362.59009,2334.71997,2338.26001
5/28/2024,2352.070068,2364.090088,2340.43994,2361.28003
5/27/2024,2340.27002,2358.46997,2334.57007,2350.97998
5/24/2024,2328.86011,2347.31006,2325.47998,2334.02002
5/23/2024,2378.97998,2383.77002,2327.27002,2328.62012
5/22/2024,2420.96997,2426.55005,2375.070068,2378.75
5/21/2024,2427.40991,2433.88989,2406.32007,2420.87988
5/20/2024,2417.78003,2450.060059,2407.56006,2426.36011
5/17/2024,2377.6001,2422.77002,2374.1001,2414.69995
5/16/2024,2391.92993,2397.3999,2371.1001,2377.8999
5/15/2024,2358.19507,2390.36011,2351.82007,2386.04248
5/14/2024,2338.38989,2359.65991,2334.93994,2355.87988
5/13/2024,2360.37988,2364.56006,2332.37988,2338.44995
5/10/2024,2346.26001,2378.44824,2345.25488,2360.14355
5/9/2024,2309.040039,2347.59497,2306.66504,2345.88452
5/8/2024,2315.3999,2321.42993,2303.73999,2309.050049
5/7/2024,2326.31006,2329.97998,2310.1001,2315.19995
5/6/2024,2293.97998,2331.97998,2291.90991,2326.1499
5/3/2024,2303.19507,2321.63989,2277.46509,2301.55688
5/2/2024,2319.88501,2326.57056,2285.58008,2303.2876
5/1/2024,2285.90991,2328.39502,2281.66016,2317.88257
4/30/2024,2335.10498,2336.54492,2284.57495,2284.57495
4/29/2024,2337.5,2346.85498,2320.084961,2334.43579
4/26/2024,2332.15991,2352.62012,2326.30078,2337.71509
4/25/2024,2316.19995,2344.86304,2305.28418,2331.78198
4/24/2024,2322.18994,2337.15503,2311.89502,2315.82202
4/23/2024,2326.62012,2334.48242,2291.39502,2321.81445
4/22/2024,2388.19507,2388.71729,2325.29492,2326.28589
4/19/2024,2378.6001,2417.79492,2372.9563,2390.45166
4/18/2024,2360.73999,2392.84497,2360.69629,2378.25073
4/17/2024,2383.19995,2395.625,2354.84497,2360.80566
4/16/2024,2382.86011,2398.34497,2362.94995,2382.83179
4/15/2024,2343.86011,2387.59497,2324.59497,2382.50781
4/12/2024,2373.59009,2431.53345,2333.89502,2343.42554
4/11/2024,2333.16992,2377.79736,2325.84497,2373.23779
4/10/2024,2352.90991,2360.14917,2319.54492,2332.79443
4/9/2024,2339.23999,2365.34497,2336.9397,2352.57666
4/8/2024,2321.99512,2354.094971,2302.85742,2338.89087
4/5/2024,2289.87988,2330.34009,2267.85156,2329.5
4/4/2024,2299.62012,2305.30884,2280.14502,2289.42871
4/3/2024,2279.57495,2301.2207,2265.5,2299.17017
4/2/2024,2250.87988,2281.1687,2246.78613,2280.095703
4/1/2024,2239.59497,2265.85547,2228.54492,2250.35571
3/28/2024,2194.18994,2235.89502,2187.3313,2232.37573
3/27/2024,2179.025146,2197.70508,2173.59497,2194.024902
3/26/2024,2171.82495,2200.14502,2167.74512,2178.58374
3/25/2024,2165.79492,2181.29834,2163.5,2171.45215
3/22/2024,2181.49512,2186.24512,2157.14502,2164.14502
3/21/2024,2185.99512,2222.89502,2166.49512,2180.80713
3/20/2024,2158.29492,2188.89502,2149.59937,2185.9585
3/19/2024,2160.69507,2162.927,2146.8999,2157.22583
3/18/2024,2155.99512,2163.64014,2146.050049,2159.98608
3/15/2024,2162.39502,2173.24512,2155.1936,2155.54272
3/14/2024,2174.29004,2177.095215,2152.85718,2161.014893
3/13/2024,2158.24512,2179.91406,2155.54492,2174.3999
3/12/2024,2182.99512,2184.85547,2150.59497,2157.98999
3/11/2024,2177.70508,2189.035889,2174.80005,2182.46997
3/8/2024,2159.39502,2195.20361,2154.082275,2177.51001
3/7/2024,2148.54492,2164.54492,2144.29175,2159.15869
3/6/2024,2127.94507,2152.29492,2123.6499,2148.29004
3/5/2024,2115.14502,2142.14502,2110.5249,2127.54541
3/4/2024,2082.094971,2119.94604,2079.44751,2114.98999
3/1/2024,2043.44495,2088.39502,2038.55005,2083.38989
2/29/2024,2034.92004,2050.79492,2027.75,2043.24414
2/28/2024,2030.045044,2038.29504,2024.56006,2034.62
2/27/2024,2030.995,2039.995,2028.77502,2029.63782
2/26/2024,2034.495,2037.59497,2025.10498,2030.65796
2/23/2024,2024.495,2041.43274,2015.55005,2035.71765
2/22/2024,2025.245,2034.84497,2019.69995,2024.11243
2/21/2024,2023.79504,2032.2157,2020.19495,2024.98999
2/20/2024,2017.995,2030.96326,2015.021606,2023.52783
2/19/2024,2013.15503,2023.34497,2011.56995,2017.62524
2/16/2024,2004.39502,2015.25439,1995.255,2013.10083
2/15/2024,1992.69495,2008.495,1990.2511,2004.087524
2/14/2024,1992.54504,1996.14478,1984.29504,1992.39001
2/13/2024,2019.89502,2030.045044,1990.18787,1992.13306
2/12/2024,2024.52502,2028.094971,2011.91003,2019.79004
2/9/2024,2033.64502,2037.44495,2020.30115,2024.15698
2/8/2024,2034.54504,2038.94495,2019.75,2033.17786
2/7/2024,2035.89502,2044.65491,2030.64502,2034.21863
2/6/2024,2024.995,2039.02002,2022.55005,2035.46228
2/5/2024,2039.90503,2042.3241,2014.40002,2024.67065
2/2/2024,2055.094971,2058.19507,2027.44995,2038.58997
2/1/2024,2037.59497,2065.41968,2029.55005,2054.090088
1/31/2024,2036.57996,2056.078369,2031.001831,2037.18994
1/30/2024,2031.96997,2048.47534,2029.18994,2036.11511
1/29/2024,2019.39502,2037.74939,2017.38379,2031.74878
1/26/2024,2019.94495,2026.79504,2015.96948,2018.33997
1/25/2024,2012.84497,2025.26562,2010.14502,2019.75183
1/24/2024,2028.94495,2036.745,2011.28088,2012.58997
1/23/2024,2021.245,2037.92456,2019.58997,2027.6781
1/22/2024,2029.89502,2032.28369,2016.745,2020.094849
1/19/2024,2023.045044,2039.495,2020.36548,2029.089966
1/18/2024,2006.094971,2023.44727,2005.42505,2022.67041
1/17/2024,2027.89502,2033.045044,2001.91003,2005.71936
1/16/2024,2054.90991,2055.646,2024.29004,2027.58997
1/15/2024,2048.094971,2059.24512,2045.79504,2054.48999
1/12/2024,2028.29504,2062.34668,2027.995,2048.71924
1/11/2024,2023.745,2039.69495,2013.31909,2028.089966
1/10/2024,2029.94495,2040.44495,2020.44995,2023.40198
1/9/2024,2028.39502,2042.094971,2026.11401,2029.59485
1/8/2024,2044.084961,2046.7135,2016.84497,2027.84302
1/5/2024,2043.69495,2064.026855,2024.495,2045.49561
1/4/2024,2041.34497,2051.39502,2036.245,2043.26465
1/3/2024,2059.14502,2066.11865,2030.67505,2040.19031
1/2/2024,2062.90479,2079.02002,2056.044922,2058.5105
1/1/2024,2064.23999,2074.8999,2063.30005,2063.80005
12/29/2023,2065.14502,2075.14502,2057.75,2062.59009
12/28/2023,2077.34497,2088.53882,2065.8938,2066.042236
12/27/2023,2066.69507,2084.58789,2061,2076.99512
12/26/2023,2055.7251,2068.64502,2053.59351,2067.19995
12/25/2023,2054.32007,2058.36011,2053.95996,2054.92993
12/22/2023,2045.84497,2070.64502,2045.64502,2052.9751
12/21/2023,2029.44495,2046.067749,2029.44495,2045.49414
12/20/2023,2040.34497,2043.94495,2029.18994,2029.18994
12/19/2023,2027.29504,2047.074097,2021.73657,2040.12085
12/18/2023,2020.094971,2033.70911,2015.995,2026.99792
12/15/2023,2035.79504,2045.54504,2015.68372,2018.18994
12/14/2023,2026.59497,2047.98499,2024.32776,2035.52795
12/13/2023,1979.745,2027.54504,1973.091675,2026.39001
12/12/2023,1981.59497,1996.79504,1977.18506,1979.4375
12/11/2023,2003.59998,2008.71997,1975.94995,1981.30298
12/8/2023,2028.69495,2034.18616,1994.74475,2003.39001
12/7/2023,2025.29504,2039.92603,2020.26001,2028.33752
12/6/2023,2019.745,2036.29504,2017.2655,2024.89746
12/5/2023,2030.14502,2041.32703,2010.015015,2019.42029
12/4/2023,2071.070068,2135.71997,2020.41003,2030.060059
12/1/2023,2034.495,2075.34497,2033.75,2070.90112
11/30/2023,2044.79504,2047.59497,2031.84497,2035.75452
11/29/2023,2041.245,2052.094971,2035.050049,2044.58997
11/28/2023,2013.94495,2042.99707,2011.59998,2040.89001
11/27/2023,2002.77502,2018.13953,2000.66772,2013.64294
11/24/2023,1994.064941,2003.68164,1991.40002,2001.96997
11/23/2023,1990.14502,1999.19495,1989.011597,1991.79004
11/22/2023,1998.69495,2006.89502,1986.89001,1989.72351
11/21/2023,1977.495,2007.51501,1977.33655,1998.36926
11/20/2023,1980.39001,1985.2627,1965.19995,1977.19409
11/17/2023,1981.20996,1993.94495,1978.59497,1980.00769
11/16/2023,1959.44495,1988.034668,1956.49451,1980.8512
11/15/2023,1963.045044,1975.59497,1955.40503,1959.091187
11/14/2023,1946.19495,1970.84497,1943.40002,1962.67395
11/13/2023,1937.050049,1949.26892,1931.72522,1945.89001
11/10/2023,1958.39502,1960.9259,1933.17505,1936.79004
11/9/2023,1950.094971,1965.69495,1944.30005,1958.18994
11/8/2023,1968.84497,1971.1217,1947.47876,1949.79004
11/7/2023,1978.19495,1978.75244,1956.19995,1968.40491
11/6/2023,1992.29504,1993.29504,1977.52051,1977.68335
11/3/2023,1985.69495,2004.055542,1983.26196,1992.26758
11/2/2023,1983.52502,1991.495,1978.89502,1985.50696
11/1/2023,1983.014893,1992.09375,1969.90405,1982.15002
10/31/2023,1996,2007.79504,1978.89502,1982.70496
10/30/2023,2004.79504,2007.37012,1990.5,1995.87842
10/27/2023,1985.17004,2009.48206,1976.34998,2005.78369
10/26/2023,1979.96997,1994.045044,1971.59998,1984.81775
10/25/2023,1971.35999,1987.19495,1963.34497,1979.61841
10/24/2023,1972.96997,1980.99353,1953.5,1970.10999
10/23/2023,1972.89502,1983.39502,1964.35791,1972.59326
10/20/2023,1974.31006,1997.27185,1971.92505,1981.044556
10/19/2023,1947.995,1977.86194,1945.18286,1973.70349
10/18/2023,1923.69995,1962.73743,1923.045044,1947.6886
10/17/2023,1920.14001,1931.5592,1911.84998,1922.45544
10/16/2023,1929.29504,1931.79504,1907.65002,1919.43872
10/13/2023,1869.02002,1933.76282,1868.94495,1931.69751
10/12/2023,1874.099976,1885.29504,1866.91504,1868.64905
10/11/2023,1859.995,1877.21997,1858.59595,1873.60815
10/10/2023,1861.27002,1865.64502,1852.65002,1860.087402
10/9/2023,1832.73999,1864.14502,1832.63245,1860.88147
10/6/2023,1820.39502,1834.96997,1810.099976,1832.25732
10/5/2023,1820.495,1829.30005,1812.69995,1820.005859
10/4/2023,1824.29504,1831.045044,1816.15002,1821.075439
10/3/2023,1827.96484,1833.3634,1814.69995,1822.81165
10/2/2023,1848.13,1849.063965,1826.59998,1827.40332
9/29/2023,1865.42505,1880.245,1846.33582,1848.31335
9/28/2023,1875.73499,1880.14502,1857.75879,1864.55908
9/27/2023,1900.69495,1903.95142,1872.47498,1874.69531
9/26/2023,1916.030029,1916.89099,1899.17371,1900.48608
9/25/2023,1925.23999,1927.26001,1915.003052,1915.65527
9/22/2023,1920.084961,1929.64502,1919.57629,1924.98755
9/21/2023,1930.995,1931.73889,1913.40002,1919.56909
9/20/2023,1931.69495,1947.79602,1927.9032,1929.68384
9/19/2023,1933.68005,1937.94495,1929.71436,1930.94495
9/18/2023,1924.19495,1934.60754,1922.15002,1933.13965
9/15/2023,1910.89502,1930.84497,1909.745,1923.57495
9/14/2023,1906.68005,1912.98987,1900.95496,1910.31885
9/13/2023,1913.55005,1916.29504,1905.5,1906.30225
9/12/2023,1922.89502,1925.045044,1907.15002,1913.26135
9/11/2023,1919.16003,1930.89502,1916.89502,1921.6626
9/8/2023,1919.56995,1930.19495,1917.3595,1917.80505
9/7/2023,1916.86499,1923.67004,1916.099976,1919.18665
9/6/2023,1926.16003,1929.79504,1914.80005,1916.27588
9/5/2023,1938.59497,1939.12561,1925.21753,1925.81116
9/4/2023,1940.495,1946.42004,1936.15002,1938.19128
9/1/2023,1940.19495,1953.44495,1934.59497,1938.79504
8/31/2023,1942.60999,1948.19495,1938.86499,1939.74414
8/30/2023,1937.47998,1949.036255,1934.94495,1942.23987
8/29/2023,1920.22998,1938.41125,1914,1937.12219
8/28/2023,1916.094971,1926.18506,1912.8335,1919.65857
8/25/2023,1917.79993,1923.094971,1903.40002,1914.52551
8/24/2023,1914.15002,1923.94495,1911.34998,1916.59705
8/23/2023,1897.79504,1920.94495,1897.22815,1914.31494
8/22/2023,1895.094971,1905.045044,1888.59998,1897.002686
8/21/2023,1889.40002,1899.045044,1884.5,1893.94495
8/18/2023,1889.495,1897.44495,1886.19995,1888.19336
8/17/2023,1892.20496,1903.89502,1884.5,1888.88733
8/16/2023,1901.59497,1907.89502,1891.30005,1891.76221
8/15/2023,1907.39502,1912.19495,1896.15002,1901.55713
8/14/2023,1913.66992,1916.54504,1902.19995,1907.90259
8/11/2023,1912.64502,1921.14502,1910.94495,1913.31824
8/10/2023,1914.93994,1930.10925,1911.72876,1912.060669
8/9/2023,1925.16003,1932.47998,1914.04834,1914.58899
8/8/2023,1936.76001,1938.1532,1922.5,1924.81506
8/7/2023,1942.59497,1946.81458,1931.52502,1936.38708
8/4/2023,1934.12,1947.19495,1929.75,1941.62329
8/3/2023,1934.65503,1939.030029,1929.54504,1933.73694
8/2/2023,1945.745,1955.39502,1933,1933.56494
8/1/2023,1965.099976,1966.245,1941.20496,1944.079346
7/31/2023,1959.495,1972.44495,1951,1964.18835
7/28/2023,1944.27087,1963.70996,1944.27087,1959.20129
7/27/2023,1972.075073,1982.245,1942.61047,1944.98621
7/26/2023,1964.995,1978.3147,1961.99451,1972.10315
7/25/2023,1955.19995,1966.029907,1953.20764,1964.5824
7/24/2023,1962.094971,1967.97009,1953.4187,1954.51257
7/21/2023,1969.98999,1973.88879,1956.82495,1960.22729
7/20/2023,1976.79504,1987.59497,1965.40002,1969.62012
7/19/2023,1978.96997,1981.045044,1969.74731,1976.73572
7/18/2023,1954.59497,1984.39331,1954.44495,1978.71497
7/17/2023,1954.89502,1959.91003,1945.82446,1954.73547
7/14/2023,1961.58496,1963.81482,1951,1954.92542
7/13/2023,1957.43994,1963.69495,1952.71448,1960.19446
7/12/2023,1932.59497,1959.82227,1932.18237,1957.088501
7/11/2023,1925.39502,1938.69495,1924.3988,1931.995
7/10/2023,1925.19495,1928.31152,1912.67932,1924.99365
7/7/2023,1911.069946,1934.92004,1909.55579,1924.28247
7/6/2023,1916.045044,1927.68994,1902.67505,1910.79724
7/5/2023,1925.90002,1935.16504,1914.48254,1917.32239
7/4/2023,1921.78003,1930.83997,1919.89502,1925.089966
7/3/2023,1919.39502,1931.094971,1910.099976,1921.42847
6/30/2023,1908.53003,1922.89795,1900.55652,1919.56543
6/29/2023,1908.79504,1913.14844,1893.009644,1908.15247
6/28/2023,1913.59497,1917.23792,1902.84497,1907.42334
6/27/2023,1923.20996,1930.84998,1911.18506,1913.35254
6/26/2023,1924.29504,1933.47998,1921.59497,1922.85327
6/23/2023,1913.79504,1937.099976,1910.245,1921.36316
6/22/2023,1932.094971,1935.002319,1912.34497,1913.51599
6/21/2023,1935.42004,1939.54504,1919.34497,1932.26306
6/20/2023,1950.89502,1956.86865,1929.77014,1935.91394
6/19/2023,1957.995,1958.92505,1947.80005,1950.12
6/16/2023,1957.68005,1967.99878,1953.41943,1957.36255
6/15/2023,1943.44495,1960.34302,1925.29504,1957.65479
6/14/2023,1943.495,1960.40503,1939.72546,1942.99036
6/13/2023,1957.69495,1970.745,1939.995,1943.32849
6/12/2023,1960.25,1967.54504,1948.80005,1956.92175
6/9/2023,1968.099976,1973.094971,1956.72864,1960.59973
6/8/2023,1940.59497,1970.49756,1939.80591,1967.76147
6/7/2023,1963.59497,1970.26318,1939.63184,1939.63184
6/6/2023,1962.10999,1966.84998,1954,1962.84753
6/5/2023,1947.59497,1964.13049,1938.14465,1961.45276
6/2/2023,1978.13989,1983.51501,1947.6322,1947.6322
6/1/2023,1962.79504,1983.26501,1953.42725,1977.87512
5/31/2023,1959.29504,1975.34497,1953.6665,1962.30115
5/30/2023,1944.19495,1963.63281,1932.081909,1959.14453
5/29/2023,1944.094971,1949.74988,1940.29504,1942.83997
5/26/2023,1940.68994,1957.39502,1936.84497,1946.32507
5/25/2023,1958.1344,1964.94995,1938.86255,1940.33643
5/24/2023,1975.19495,1985.30005,1956.51379,1957.011353
5/23/2023,1971.995,1977.79504,1954.28589,1974.72754
5/22/2023,1977.79504,1982.65723,1968.40002,1969.43164
5/19/2023,1957.39502,1984.094971,1954.049927,1976.55505
5/18/2023,1981.51501,1986.12024,1951.96606,1958.053345
5/17/2023,1988.93994,1993.13354,1974.80005,1981.72217
5/16/2023,2015.89502,2018.94495,1985.47498,1988.60339
5/15/2023,2011.71997,2022.20325,2007.27588,2018.41003
5/12/2023,2015.19495,2022.56494,2001.045044,2011.15002
5/11/2023,2030.55505,2041.44495,2011.19495,2015.54993
5/10/2023,2034.19495,2048.21997,2021.57166,2029.51001
5/9/2023,2022.23999,2037.70496,2019.5,2034.17004
5/8/2023,2015.94995,2029.625,2014.10498,2021.39001
5/5/2023,2051.7251,2053.13208,1999.30005,2016.54285
5/4/2023,2036.86499,2073.29492,2030.34106,2051.1084
5/3/2023,2036.85999,2080.71997,2030.33997,2051.11011
5/2/2023,1982.81006,2019.53503,1978.38342,2016.27795
5/1/2023,1991.34497,2006.045044,1977.050049,1982.045288
4/28/2023,1986.75,1995.125,1976.084961,1989.64746
4/27/2023,1987.58496,2003.44995,1973.79504,1987.87024
4/26/2023,2000.63,2009.51001,1983.42505,1989.47986
4/25/2023,1991.44995,2003.90002,1976.14453,1997.87231
4/24/2023,1981.33997,1990.96997,1974.18506,1988.87573
4/21/2023,2004.28503,2005.75,1971.64502,1982.89478
4/20/2023,1993.57996,2012.745,1990.48865,2004.33838
4/19/2023,2007.495,2008.33093,1969.27686,1993.26416
4/18/2023,1995.19495,2011.97998,1991.32837,2004.92603
4/17/2023,2001.84998,2015.13,1981.34497,1994.77112
4/14/2023,2040.39502,2047.60034,1992.40674,2003.040039
4/13/2023,2014,2048.84497,2012.44995,2039.73499
4/12/2023,2003.66504,2028.39502,2001.17505,2014.67114
4/11/2023,1990.36499,2007.57971,1988.72095,2003.14087
4/10/2023,2008.29504,2011.17383,1981.59497,1989.65247
4/6/2023,2020.125,2021.625,2000.8772,2008.016357
4/5/2023,2020.44006,2032.20496,2009.995,2020.35327
4/4/2023,1984.59497,2025.18994,1977.012939,2019.97021
4/3/2023,1970.84497,1990.64001,1949.82288,1984.10571
3/31/2023,1978.62,1987.84497,1966.89062,1967.90002
3/30/2023,1962.57996,1984.40039,1955.4408,1980.25024
3/29/2023,1972.81995,1974.63501,1958.62,1964.040405
3/28/2023,1957.22998,1975.44995,1948.66003,1973.69275
3/27/2023,1977.66003,1979.89001,1943.67505,1956.55945
3/24/2023,1993.995,2003.19495,1975.17505,1977.21716
3/23/2023,1967.91003,2003.43457,1964.38501,1993.5033
3/22/2023,1940.43506,1978.92505,1934.32996,1969.58105
3/21/2023,1979.17004,1985.30139,1935.41077,1940.14612
3/20/2023,1987.59497,2010.19495,1965.77002,1978.71216
3/17/2023,1920,1989.79932,1918.32996,1987.93005
3/16/2023,1920.54004,1934.12,1907.54712,1919.11609
3/15/2023,1903.91003,1937.45605,1885.7821,1918.097534
3/14/2023,1913.18994,1914.51501,1895.17004,1902.11707
3/13/2023,1869.01001,1914.79004,1869.01001,1913.23499
3/10/2023,1830.96497,1870.27954,1827.71497,1867.82996
3/9/2023,1813.65002,1835.56006,1811.83997,1830.89001
3/8/2023,1813.61499,1824.37817,1809.40161,1813.58997
3/7/2023,1846.92004,1852.26001,1812.72498,1813.52002
3/6/2023,1855.35498,1858.84497,1845.079956,1846.84998
3/3/2023,1836.099976,1856.46997,1834.505,1854.96997
3/2/2023,1837.20496,1838.93994,1829.43994,1836.000366
3/1/2023,1827.245,1845.050049,1823.046387,1836.80505
2/28/2023,1817.375,1831.26501,1804.65002,1827.15002
2/27/2023,1812.005005,1820.22498,1806.68201,1817.31006
2/24/2023,1822.745,1827.97937,1808.90503,1810.81006
2/23/2023,1825.12,1834.42505,1817.55005,1822.64001
2/22/2023,1834.70996,1846.255,1823.045044,1825.040039
2/21/2023,1841.71497,1844.44495,1829.69995,1834.32324
2/20/2023,1842.73499,1847.85999,1837.09375,1841.14001
2/17/2023,1837.51501,1843.76501,1818.34497,1841.58997
2/16/2023,1836.56494,1845.45496,1827.18005,1837.43994
2/15/2023,1854.35498,1860.18188,1830.19995,1836.18994
2/14/2023,1853.67004,1871.030029,1843.19995,1854.29004
2/13/2023,1865.69495,1866.83447,1850.4176,1853.39001
2/10/2023,1861.68005,1872.31494,1852.69019,1864.67004
2/9/2023,1875.64001,1890.68994,1858.89014,1861.39001
2/8/2023,1874.045044,1886.28369,1867.40149,1875.58997
2/7/2023,1867.38501,1884.44775,1864.93518,1873.81006
2/6/2023,1865.16504,1881.53503,1860.38501,1867.35999
2/3/2023,1912.57495,1918.71997,1861.41492,1865.53003
2/2/2023,1950.53503,1959.76941,1911.3291,1912.37
2/1/2023,1927.92004,1954.63,1920.56006,1950.42004
1/31/2023,1922.81995,1931.15417,1900.745,1927.88
1/30/2023,1928.39502,1934.61499,1920.58496,1922.51733
1/27/2023,1929.40002,1935.14502,1916.64502,1927.33997
1/26/2023,1946.094971,1949.27087,1918.745,1928.98999
1/25/2023,1937.53503,1948.12,1919.88,1945.93005
1/24/2023,1931.35498,1942.92505,1916.82495,1937.44995
1/23/2023,1926.20496,1935.69055,1911.43506,1931.30005
1/20/2023,1931.47998,1937.71814,1920.57642,1926.57397
1/19/2023,1903.83496,1935.40002,1900.48499,1931.39001
1/18/2023,1908.46497,1926.29504,1896.55957,1903.76001
1/17/2023,1917.81494,1919.82996,1903.505,1908.39001
1/16/2023,1920.38501,1929.24219,1910.73999,1918.00061
1/13/2023,1897.030029,1922.23999,1891.80005,1920.20996
1/12/2023,1876.42505,1901.875,1873.63501,1896.85999
1/11/2023,1877.29504,1887.089966,1866.75,1876.38
1/10/2023,1871.66003,1881.035034,1867.37,1877.27002
1/9/2023,1865.45496,1881.80005,1864.58997,1871.58997
1/6/2023,1833.26501,1870.37,1830.53003,1865.70996
1/5/2023,1854.19495,1859.35999,1824.67505,1833.18994
1/4/2023,1839.51001,1865.495,1835.92004,1854.089966
1/3/2023,1826.13501,1850.69495,1824.42004,1839.48999
1/2/2023,1823.85498,1823.94495,1823.68994,1823.68994
12/30/2022,1815.14001,1826.73499,1809.83997,1824.40002
12/29/2022,1804.15503,1820.52002,1802.02002,1814.89001
12/28/2022,1814,1815.18005,1796.56006,1804.089966
12/27/2022,1796.67004,1833.3927,1796.20496,1813.93005
12/26/2022,1798.57495,1798.77991,1797.61462,1797.61462
12/23/2022,1792.64502,1803.59998,1789.61621,1797.91003
12/22/2022,1814.20496,1821.099976,1784.11499,1792.56995
12/21/2022,1818.055054,1824.38501,1811.23999,1814.13
12/20/2022,1787.48999,1821.59998,1784.21497,1817.40845
12/19/2022,1793.125,1799.10498,1783.47998,1787.43994
12/16/2022,1776.72498,1794.68506,1773.88501,1792.33997
12/15/2022,1807.39502,1809.094971,1772,1776.66003
12/14/2022,1810.48999,1814.18506,1796.074951,1807.27002
12/13/2022,1781.20996,1824.87,1779.81494,1810.29004
12/12/2022,1797.34998,1798,1777.21997,1781.15002
12/9/2022,1789.30005,1806.44995,1787.96497,1796.63
12/8/2022,1786.28503,1795.17505,1780.95996,1789.22998
12/7/2022,1771.13501,1790.92004,1768.32495,1786.21997
12/6/2022,1768.66504,1781.46497,1765.72266,1770.91003
12/5/2022,1797.91504,1810.33496,1765.32495,1768.39001
12/2/2022,1803.15002,1804.93005,1778.255,1797.81995
12/1/2022,1768.53503,1804.31995,1767.36499,1802.89001
11/30/2022,1749.82495,1770.38501,1744.40503,1768.44995
11/29/2022,1740.81995,1759.32996,1738.97998,1749.72998
11/28/2022,1755,1764.084961,1739.14001,1740.75
11/25/2022,1756.4801,1761.57996,1745.45996,1756.14001
11/24/2022,1749.52502,1759.084961,1749.025024,1754.95996
11/23/2022,1740.29504,1753.53821,1728.25,1749.28003
11/22/2022,1738.48499,1749.98499,1736.61499,1740.23999
11/21/2022,1750.82495,1753.51501,1732.030029,1737.80811
11/18/2022,1760.745,1767.98499,1747.035034,1749.73999
11/17/2022,1773.82251,1775.20496,1754.125,1760.87
11/16/2022,1778.33997,1785.495,1769.82495,1773.77002
11/15/2022,1771.875,1786.68005,1766.56494,1778.25
11/14/2022,1771.41504,1775.35999,1752.89502,1771.80005
11/11/2022,1754.92004,1773.17004,1746.85498,1770.68994
11/10/2022,1706.41504,1757.52002,1703.32495,1754.86035
11/9/2022,1712.60498,1722.94495,1701.78503,1706.31995
11/8/2022,1674.75,1717.31006,1664.32495,1712.52002
11/7/2022,1681.29504,1682.084961,1666.43506,1674.68005
11/4/2022,1629.40002,1682.17383,1628.23499,1680.27002
11/3/2022,1635.80005,1641.32495,1616.17505,1629.15002
11/2/2022,1647.77002,1669.60498,1634.40002,1634.88696
11/1/2022,1633.39514,1657.125,1630.92505,1647.5033
10/31/2022,1643.69495,1645.79504,1631.76501,1633.12244
10/28/2022,1663.30005,1667.43994,1637.39001,1641.76001
10/27/2022,1664.5,1671.089966,1654.80505,1662.93994
10/26/2022,1653.21497,1675.12,1649.14502,1664.4884
10/25/2022,1649.69995,1662.89001,1637.81995,1652.52393
10/24/2022,1658.19495,1670.54504,1643.64001,1648.59998
10/21/2022,1628.099976,1659.080078,1617.20996,1656.66003
10/20/2022,1629.92993,1645.82996,1621.93005,1627.6637
10/19/2022,1651.995,1654.89502,1627.25,1628.48828
10/18/2022,1650.495,1661.26501,1645.60999,1651.82727
10/17/2022,1644.094971,1668.69495,1643.69495,1649.9447
10/14/2022,1665.89502,1672.015015,1639.89502,1641.75842
10/13/2022,1673.29504,1682.84497,1642.25,1665.79724
10/12/2022,1666.495,1678.89502,1660.94995,1672.50525
10/11/2022,1668.39502,1684.44495,1660.44995,1665.3075
10/10/2022,1696.79504,1700.33496,1665.30005,1667.95642
10/7/2022,1711.099976,1715.39502,1690.34998,1694.52002
10/6/2022,1716.060059,1726.094971,1706.52502,1710.84998
10/5/2022,1726.42493,1728.099976,1700.15002,1715.81055
10/4/2022,1699.39502,1729.73499,1694.73499,1726.24084
10/3/2022,1661.29504,1701.79504,1659.099976,1699.22253
9/30/2022,1661.125,1675.56995,1658.92505,1659.67004
9/29/2022,1659.88,1665.12,1641.050049,1660.29175
9/28/2022,1629.26001,1663.17004,1614.34998,1659.44495
9/27/2022,1621.995,1642.94495,1621.77002,1628.80237
9/26/2022,1645.39502,1650.02002,1620.80005,1621.5675
9/23/2022,1671.54504,1676.59497,1639.59497,1643.089966
9/22/2022,1675.055054,1685.495,1655.52502,1670.53455
9/21/2022,1663.67004,1688.15002,1654.14502,1673.73682
9/20/2022,1675.46997,1679.34497,1659.59998,1663.10889
9/19/2022,1675.44495,1680.16003,1659.67053,1675.77576
9/16/2022,1664.27002,1680.69495,1653.84998,1674.94482
9/15/2022,1696.055054,1698.62,1660.035034,1663.74084
9/14/2022,1701.85999,1707.495,1693.255,1695.79504
9/13/2022,1724.75,1732.34497,1696.69995,1701.55396
9/12/2022,1717.045044,1735.37,1711.97498,1724.07019
9/9/2022,1708.84497,1729.94495,1708.21997,1716.050049
9/8/2022,1718.39502,1728.79504,1703.5,1707.27502
9/7/2022,1701.60999,1719.81995,1690.90002,1717.69348
9/6/2022,1710.56494,1727.245,1699.30005,1701.15308
9/5/2022,1712.995,1716.34497,1707.47498,1710.2063
9/2/2022,1696.34998,1718.31006,1694.64001,1711.43994
9/1/2022,1711.094971,1711.81006,1688.34998,1696.089966
8/31/2022,1723.83008,1726.85999,1709.10498,1710.70496
8/30/2022,1738.36499,1740.92505,1720.85498,1723.5498
8/29/2022,1736.19495,1745.63,1720.079956,1737.82373
8/26/2022,1758.54504,1759.31494,1733.82996,1736.85999
8/25/2022,1751.54504,1765.92505,1749.70996,1758.43738
8/24/2022,1748.54504,1755.8844,1742.28503,1750.88818
8/23/2022,1736.40002,1754.2821,1730.51501,1747.67456
8/22/2022,1747.045044,1749.3075,1727.505,1735.70496
8/19/2022,1759.29504,1759.88,1745.19495,1747.82898
8/18/2022,1761.625,1772.59497,1755.36829,1758.19556
8/17/2022,1775.97986,1782.63,1759.58496,1761.050049
8/16/2022,1779.745,1783.37,1771.32996,1775.54175
8/15/2022,1802.045044,1802.53247,1772.75,1779.35901
8/12/2022,1790.060059,1802.86499,1784.51501,1801.76123
8/11/2022,1792.39001,1799.39502,1783.245,1789.45044
8/10/2022,1794.21497,1807.89502,1787.32495,1792.12781
8/9/2022,1789.20996,1800.44995,1782.84998,1794.084595
8/8/2022,1773.57495,1790.255,1770.93506,1788.52393
8/5/2022,1791.16003,1795.28503,1764.88,1774.15002
8/4/2022,1765.34045,1795.28503,1763,1790.96704
8/3/2022,1760.53491,1772.89502,1754.33496,1764.896
8/2/2022,1772.22998,1788.245,1759.74658,1759.74658
8/1/2022,1765.045044,1775.22498,1758.047974,1771.72925
7/29/2022,1755.81006,1768.17004,1752.18506,1765.21997
7/28/2022,1734.60999,1757.42505,1733.59497,1755.10815
7/27/2022,1717.41003,1740.59998,1711.46448,1733.89221
7/26/2022,1719.68994,1728.36084,1713.19995,1717.000488
7/25/2022,1728.14502,1736.42505,1714.57495,1718.78003
7/22/2022,1718.61011,1739.28406,1712.92908,1726.45996
7/21/2022,1696.72998,1720.69495,1680.77502,1718.49243
7/20/2022,1711.29504,1714.94495,1692.5332,1696.43298
7/19/2022,1709.27002,1718.64001,1704.95996,1711.065552
7/18/2022,1707.94495,1724.045044,1705.8938,1709.011841
7/15/2022,1709.81494,1716.92004,1698.81995,1706.78003
7/14/2022,1735.69556,1736.93665,1697.48499,1709.4491
7/13/2022,1726.16504,1745.53503,1707.375,1735.23145
7/12/2022,1733.995,1743.495,1722.93005,1725.80603
7/11/2022,1742.85999,1744.91504,1731.01001,1733.67261
7/8/2022,1740.050049,1752.49622,1733.245,1741.81995
7/7/2022,1738.93005,1749.13953,1735.94995,1739.61145
7/6/2022,1764.87,1773.060059,1731.75,1738.30347
7/5/2022,1808.73547,1812.41504,1763.48499,1764.35278
7/4/2022,1812.26575,1814.35657,1803.44995,1809.11658
7/1/2022,1807.31006,1812.094971,1784.099976,1810.18005
6/30/2022,1817.80005,1825.89502,1802.19995,1806.88696
6/29/2022,1819.95496,1833.245,1812.099976,1817.10901
6/28/2022,1822.84998,1830.094971,1818.19995,1819.69495
6/27/2022,1838.14502,1841.34497,1820.40002,1822.72998
6/24/2022,1822.88,1832.14502,1816.69995,1826.18005
6/23/2022,1837.87,1846.19495,1821.875,1822.42932
6/22/2022,1832.95996,1848.44495,1823.23499,1837.38635
6/21/2022,1838.37415,1844.14502,1828.28503,1832.55847
6/20/2022,1840.40002,1846.42004,1834.495,1838.2876
6/17/2022,1857.33997,1858.2926,1833.72498,1839.34998
6/16/2022,1833.98999,1857.9137,1815.94995,1856.70752
6/15/2022,1808.35498,1841.745,1807.23914,1833.37927
6/14/2022,1819.099976,1832.19495,1804.65002,1808.099976
6/13/2022,1875.79504,1877.37683,1818.77417,1818.77417
6/10/2022,1848.085083,1876.47498,1825.015015,1870.95996
6/9/2022,1853.53003,1855.52002,1839.59998,1847.6095
6/8/2022,1852.51001,1859.89502,1844.34998,1853.255
6/7/2022,1841.59998,1855.85999,1836.72998,1851.97412
6/6/2022,1850.29248,1858.14502,1840.50244,1840.99817
6/3/2022,1868.53003,1874.30005,1847.02002,1850.76562
6/2/2022,1846.44495,1870.69495,1843.755,1868.12769
6/1/2022,1837.37,1850.39502,1828.28003,1845.55005
5/31/2022,1856.39502,1857.69495,1834.89502,1837.092529
5/30/2022,1852.19495,1864.34497,1847.91504,1856.21289
5/27/2022,1850.47998,1862.29504,1847.76001,1852.72998
5/26/2022,1853.47998,1854.70996,1841.13501,1850.02356
5/25/2022,1865.089966,1868.39502,1842.94495,1852.83069
5/24/2022,1853.59497,1869.98999,1849.060059,1865.90002
5/23/2022,1846.53003,1865.64502,1844.076294,1853.21851
5/20/2022,1842.12,1849.59497,1832.34998,1845.68005
5/19/2022,1816.60498,1849.45996,1810.55005,1841.71875
5/18/2022,1815.19995,1825.02002,1807.29504,1815.60999
5/17/2022,1824.18005,1836.54504,1812.67505,1814.66846
5/16/2022,1811.050049,1827.23499,1786.94995,1823.79041
5/13/2022,1822.47998,1829.060059,1799.245,1811.15442
5/12/2022,1852.57996,1859.29504,1820.93005,1821.71997
5/11/2022,1838.40503,1857.995,1831.83276,1852.12024
5/10/2022,1853.73999,1865.76001,1835.45996,1838.14307
5/9/2022,1883.79504,1885.95496,1851.35999,1853.92065
5/6/2022,1877.29504,1892.92505,1865.84497,1882.95654
5/5/2022,1881.46997,1910.030029,1872.47998,1876.84082
5/4/2022,1868.035034,1889.745,1861.17004,1880.92285
5/3/2022,1863.050049,1878.18506,1850.32996,1867.78503
5/2/2022,1896.094971,1900.10498,1854.745,1862.76758
4/29/2022,1894.43005,1919.97498,1892.24658,1896.39587
4/28/2022,1886.14001,1897.31995,1872.19495,1894.34229
4/27/2022,1905.45496,1907.25208,1881.39001,1886.11536
4/26/2022,1897.95496,1911.5,1895.38,1905.55762
4/25/2022,1931.094971,1934.70862,1891.050049,1897.6925
4/22/2022,1951.495,1955.92505,1926.51501,1929.72998
4/21/2022,1957.83997,1958,1936.78503,1951.495
4/20/2022,1950.34497,1958.56995,1939.15503,1957.40503
4/19/2022,1979.19495,1982.30505,1943.79504,1949.83997
4/18/2022,1972.84497,1998.59998,1971.045044,1978.4967
4/15/2022,1974.28003,1975.69189,1973.05249,1974.53589
4/14/2022,1977.77954,1980.81006,1960.89502,1973.51953
4/13/2022,1967.21497,1981.82495,1962.58997,1977.72278
4/12/2022,1953.995,1978.62549,1949.47998,1966.58997
4/11/2022,1947.14502,1969.40503,1940.045044,1953.43237
4/8/2022,1931.92493,1948.45532,1927.375,1945.84998
4/7/2022,1925.32495,1938.074951,1920.27002,1932.17407
4/6/2022,1923.69006,1933.64502,1915.245,1925.48083
4/5/2022,1933.375,1944.72998,1917.73999,1923.75745
4/4/2022,1924.94495,1937.050049,1915.54504,1932.43909
4/1/2022,1937.505,1939.98755,1917.55505,1924.30005
3/31/2022,1932.79504,1949.91504,1918.97998,1937.22998
3/30/2022,1920.069946,1938.53003,1915.73999,1933.059448
3/29/2022,1922.95496,1929.40503,1890.030029,1919.18506
3/28/2022,1958.75,1959.35962,1916.82996,1923.20251
3/25/2022,1957.48999,1964.48999,1943.54504,1957.40002
3/24/2022,1944.88,1966.19495,1937.17505,1957.47998
3/23/2022,1922.35498,1948.54504,1915.32446,1943.38086
3/22/2022,1935.86499,1938.58997,1910.89001,1921.44165
3/21/2022,1922.245,1940.69495,1918.01001,1935.95239
3/18/2022,1942.90002,1945.505,1917.93005,1921.087036
3/17/2022,1927.56006,1950.099976,1923.39502,1942.64001
3/16/2022,1918.095093,1929.87,1895.22363,1927.9292
3/15/2022,1951.015503,1954.95496,1906.72998,1917.84265
3/14/2022,1985.495,1990.32996,1949.87476,1951.11499
3/11/2022,1996.14502,1999.2229,1958.79504,1985.28845
3/10/2022,1991.94495,2009.57495,1970.65686,1995.85864
3/9/2022,2052.74512,2059.24512,1976.29504,1991.48999
3/8/2022,1998.29504,2070.29492,1981.000122,2052.40991
3/7/2022,1977.094971,2002.90002,1960.76001,1998.10999
3/4/2022,1935.64502,1970.80005,1929.77502,1968.45349
3/3/2022,1926.495,1941.47498,1921.73499,1935.20996
3/2/2022,1943.69495,1948.17505,1913.82251,1926.11084
3/1/2022,1908.19495,1950.45496,1900.93005,1943.21899
2/28/2022,1920.86377,1929.35864,1890.58997,1907.90283
2/25/2022,1903.54504,1921.5437,1883.10498,1887.56079
2/24/2022,1907.995,1974.47998,1879.045044,1903.14404
2/23/2022,1898.44495,1911,1889.22998,1907.54944
2/22/2022,1905.88953,1914.44495,1891.15503,1898.1344
2/21/2022,1900.39502,1908.37805,1887.18994,1905.63477
2/18/2022,1897.94495,1902.83618,1886.15503,1897.86804
2/17/2022,1868.84497,1901.56995,1867.17505,1897.26965
2/16/2022,1853.39502,1873.15503,1849.93994,1868.36743
2/15/2022,1870.94495,1879.89001,1844.26501,1853.060059
2/14/2022,1861.54504,1874.40503,1850.45496,1870.2948
2/11/2022,1827.25,1865.625,1820.79004,1859.95911
2/10/2022,1832.94495,1842.35498,1821.46497,1826.57007
2/9/2022,1826.045044,1836.34998,1824.5,1832.42554
2/8/2022,1820.59497,1829.089966,1815.064941,1825.48486
2/7/2022,1806.98999,1824.055054,1806.94495,1820.31006
2/4/2022,1804.79504,1815.43506,1790.94495,1807.49402
2/3/2022,1807.19495,1809.22498,1788.39001,1804.40466
2/2/2022,1800.94495,1811.53003,1794.11499,1806.49756
2/1/2022,1796.71997,1809.16003,1795.13,1800.65186
1/31/2022,1791.19495,1800.22998,1785.030029,1796.46863
1/28/2022,1796.94495,1799.81995,1779.88,1791.033569
1/27/2022,1818.44495,1822.505,1790.97998,1796.51001
1/26/2022,1847.995,1850.44202,1814.89502,1818.11707
1/25/2022,1843.34497,1853.98499,1834.64001,1847.56006
1/24/2022,1834.495,1844.53003,1829.094971,1843.060059
1/21/2022,1838.64502,1843.53003,1828.040039,1833.23865
1/20/2022,1840.29504,1848.35999,1835.66504,1838.35999
1/19/2022,1813.69495,1843.72339,1809.97498,1839.95996
1/18/2022,1819.77002,1823.01001,1805.53003,1813.53674
1/17/2022,1817.89502,1823.72498,1812.66504,1818.98999
1/14/2022,1822.54504,1829.66003,1814.13,1817.21899
1/13/2022,1825.94495,1828.38,1811.82996,1822.087646
1/12/2022,1822.495,1828.33496,1814.20496,1825.31946
1/11/2022,1801.69495,1823.35498,1800.094971,1822.01001
1/10/2022,1795.40503,1802.57495,1790.42505,1801.4054
1/7/2022,1789.54504,1799.19995,1782.63,1795.63208
1/6/2022,1809.94495,1811.88831,1786.030029,1788.67578
1/5/2022,1814.89502,1829.82495,1807.97498,1809.53418
1/4/2022,1801.34497,1816.82996,1798.43994,1814.56006
1/3/2022,1830.13501,1832.060059,1797.93005,1800.84875
12/31/2021,1815.44495,1830.57996,1814.14673,1828.39026
12/30/2021,1803.995,1817.44495,1795.78003,1815.010864
12/29/2021,1805.59497,1808.16003,1788.94495,1803.66003
12/28/2021,1811.84497,1820.69995,1804.375,1805.36572
12/27/2021,1808.19495,1813.73999,1802.89001,1810.90002
12/24/2021,1808.19495,1812.70496,1801.60999,1808.11499
12/23/2021,1803.69495,1811.015015,1798.88,1807.91003
12/22/2021,1788.94495,1805.13,1785.40503,1803.39539
12/21/2021,1789.745,1800.84998,1784.57996,1788.36035
12/20/2021,1799.39502,1804.32495,1787.97803,1789.31799
12/17/2021,1799.54504,1814.625,1795.66504,1797.68201
12/16/2021,1777.39502,1799.53003,1775.43005,1799.027222
12/15/2021,1770.495,1781.03772,1753.8396,1777.060059
12/14/2021,1787.19495,1789.745,1766.30505,1770.17578
12/13/2021,1782.94495,1791.78003,1781.51001,1786.94324
12/10/2021,1774.94495,1789.47498,1769.43005,1782.51001
12/9/2021,1782.495,1788.050049,1772.79504,1774.45996
12/8/2021,1784.39502,1793.59998,1779.45496,1782.060059
12/7/2021,1778.079956,1788.02002,1771.93005,1784.041992
12/6/2021,1784.78503,1787.86914,1775.90503,1778.10779
12/3/2021,1768.84497,1786.43994,1765.63,1783.73608
12/2/2021,1783.050049,1783.57996,1761.67505,1768.63525
12/1/2021,1774.15002,1794.79504,1771.96497,1782.66003
11/30/2021,1785.34497,1809.38,1769.43005,1773.78455
11/29/2021,1790.045044,1799.79504,1781.22998,1785.01001
11/26/2021,1788.69995,1815.78003,1780.78503,1791.81055
11/25/2021,1789.495,1795.65002,1785.85437,1788.44995
11/24/2021,1790.34497,1797.01001,1778.43994,1788.5
11/23/2021,1805.64502,1812.5,1781.63,1789.73315
11/22/2021,1846.745,1849.48999,1801.95496,1805.040039
11/19/2021,1858.89502,1865.755,1842.97998,1844.59998
11/18/2021,1866.96997,1871.29004,1854.93994,1858.45996
11/17/2021,1850.34497,1868.31995,1849.37585,1866.95996
11/16/2021,1862.94495,1877.40002,1849.16003,1849.91003
11/15/2021,1868.14502,1870.56995,1855.72998,1862.45911
11/12/2021,1861.995,1868.68506,1844.78003,1864.044067
11/11/2021,1849.68994,1866.35498,1842.66003,1861.52441
11/10/2021,1831.89502,1868.69995,1821.59998,1849.5686
11/9/2021,1824.745,1833.084961,1817.69995,1831.48328
11/8/2021,1818.44495,1826.93005,1812.079956,1824.26001
11/5/2021,1792.1449,1818.60876,1785.17102,1816.72998
11/4/2021,1769.98059,1799.255,1769.13379,1791.70496
11/3/2021,1787.71484,1788.42285,1758.45496,1769.51624
11/2/2021,1793.61499,1796.90503,1785.78003,1787.28113
11/1/2021,1783.245,1796.19995,1778.89001,1793.045044
10/29/2021,1799.030029,1801.49487,1771.70496,1782.80823
10/28/2021,1796.78015,1810.495,1792.34497,1798.62256
10/27/2021,1793.040039,1799.375,1782.82996,1796.6875
10/26/2021,1807.89502,1808.5022,1781.97998,1792.63281
10/25/2021,1794,1810.18005,1791.94995,1807.47168
10/22/2021,1782.88501,1814.21997,1782.46252,1792.48206
10/21/2021,1782.099976,1789.61499,1776.074951,1782.76257
10/20/2021,1769.27551,1788.68005,1766.5,1781.82996
10/19/2021,1764.98987,1785.52502,1762.47888,1768.87
10/18/2021,1767.745,1772.29504,1759.68005,1764.59875
10/15/2021,1795.81006,1796.88501,1764.48499,1767.25635
10/14/2021,1792.75,1800.91003,1786.21997,1795.56006
10/13/2021,1760.050049,1796.30505,1757.89001,1792.64661
10/12/2021,1754.12,1769.78003,1750.47498,1759.92993
10/11/2021,1757.34497,1761.36499,1749.68005,1753.85583
10/8/2021,1755.88501,1781.59998,1753.025024,1756.66748
10/7/2021,1762.73999,1767.44995,1751.38,1755.2926
10/6/2021,1760.44507,1765.77502,1745.44995,1762.4751
10/5/2021,1769.75,1771.030029,1748.56494,1759.96252
10/4/2021,1762.14502,1771.055054,1747.22998,1769.505
10/1/2021,1756.90503,1764.39502,1749.36499,1760.36023
9/30/2021,1726.40002,1764.52502,1721.66504,1756.66064
9/29/2021,1733.97498,1746.11499,1721.074951,1726.10754
9/28/2021,1750.45496,1754.80005,1727.17505,1733.68225
9/27/2021,1751.245,1761.28503,1744.18994,1749.85498
9/24/2021,1742.82495,1758.079956,1739.59998,1749.86304
9/23/2021,1768.40002,1776.60498,1737.84497,1742.57251
9/22/2021,1774.51453,1787.505,1764.84497,1767.91345
9/21/2021,1764.18506,1782.069946,1757.60999,1774.24622
9/20/2021,1754.29504,1767.31006,1742.245,1763.87549
9/17/2021,1753.67004,1768.22498,1747.074951,1754.15649
9/16/2021,1794.34497,1796.71497,1745.040039,1753.39331
9/15/2021,1804.52539,1807.30005,1790.27502,1792.58997
9/14/2021,1793.77002,1808.995,1781.89001,1804.2655
9/13/2021,1788.54504,1798.65503,1783.73499,1793.48914
9/10/2021,1794.61011,1804.15002,1786.53455,1787.33826
9/9/2021,1789.18506,1801.18994,1783.83496,1794.69495
9/8/2021,1794.41003,1802.60498,1781.97998,1788.92505
9/7/2021,1823.27002,1827.38501,1792.32996,1794.1333
9/6/2021,1828.66003,1830.60095,1820.57996,1823.10278
9/3/2021,1809.98499,1834.55005,1808.53345,1826.18994
9/2/2021,1813.91504,1817.52502,1804.47998,1809.40051
9/1/2021,1813.57495,1820.21497,1808.17505,1813.65503
8/31/2021,1810.26453,1819.43005,1801.47498,1813.4281
8/30/2021,1817.54504,1823.37952,1807.27502,1810.16528
8/27/2021,1792.59998,1819.38245,1787.66003,1816.66895
8/26/2021,1791.094971,1798.61499,1779.47998,1792.15503
8/25/2021,1802.86499,1803.57471,1782.45496,1790.68005
8/24/2021,1805.61499,1810.030029,1799.72998,1802.60547
8/23/2021,1780.54504,1806.91504,1776.025024,1805.19751
8/20/2021,1780.44043,1788.84998,1777.96497,1780.86682
8/19/2021,1788.045044,1792.56494,1774.20496,1780.17896
8/18/2021,1786.21497,1794.31494,1777.30505,1787.58997
8/17/2021,1787.50549,1795.77002,1780.27502,1785.95557
8/16/2021,1778.44495,1789.505,1770.375,1787.23828
8/13/2021,1752.72498,1780.52502,1751.26501,1779.15149
8/12/2021,1751.65503,1758.62,1741.29004,1752.4375
8/11/2021,1729.005005,1754.63,1723.54004,1751.56274
8/10/2021,1729.73999,1738.495,1717.16504,1728.71045
8/9/2021,1763.34497,1764.64819,1684.77002,1729.45752
8/6/2021,1804.28003,1804.92981,1758.32996,1762.68994
8/5/2021,1811.68506,1815.44995,1797.73999,1804.013062
8/4/2021,1810.60498,1832.10498,1806.53503,1811.40503
8/3/2021,1813.63501,1815.18005,1806.72998,1809.93994
8/2/2021,1814.34497,1819.93506,1805.12,1813.38501
7/30/2021,1828.20996,1831.625,1809.47998,1813.58154
7/29/2021,1807.15002,1833.047363,1806.28503,1827.95496
7/28/2021,1799,1809.90002,1792.59998,1806.88086
7/27/2021,1797.52502,1805.59998,1792.82996,1798.73206
7/26/2021,1802.64502,1811.96997,1795.67505,1797.26501
7/23/2021,1806.94995,1810.56006,1790.45496,1801.33997
7/22/2021,1803.57947,1808.34497,1792.10999,1806.68994
7/21/2021,1810.31555,1814.02002,1794.17505,1803.31445
7/20/2021,1812.60999,1825.27002,1805.064941,1810.030396
7/19/2021,1811.64502,1817.56335,1794.66003,1812.34253
7/16/2021,1829.44995,1832.19775,1808.65002,1810.89001
7/15/2021,1827.3501,1833.995,1820.074951,1829.18665
7/14/2021,1807.72009,1830.32495,1804.20996,1827.061646
7/13/2021,1806.16504,1817.505,1798.54004,1807.43506
7/12/2021,1807.94495,1811.035034,1791.20996,1805.87744
7/9/2021,1802.89001,1812.70996,1796.094971,1807.97998
7/8/2021,1803.66504,1818.69995,1794.27502,1802.55505
7/7/2021,1796.95996,1810.13,1793.63501,1803.40503
7/6/2021,1791.88049,1815.33997,1789.90503,1796.68726
7/5/2021,1787.69495,1795.69495,1784.08667,1791.61206
7/2/2021,1776.83496,1795.40002,1773.72998,1786.79016
7/1/2021,1770.060059,1783.074951,1765.47498,1776.59998
6/30/2021,1761.34998,1774.71997,1752.78003,1769.80249
6/29/2021,1778.43994,1779.245,1750.10999,1761.089966
6/28/2021,1781.245,1785.90002,1770.68506,1778.17505
6/25/2021,1775.46057,1790.59998,1773.26501,1780.33997
6/24/2021,1779.01001,1788.55505,1772.67004,1775.18274
6/23/2021,1778.80457,1795.18005,1773.125,1778.73047
6/22/2021,1783.22998,1790.41504,1771.98999,1778.51245
6/21/2021,1764.44495,1786.75,1764.44495,1782.94824
6/18/2021,1772.72998,1797.245,1761.035034,1763.33997
6/17/2021,1812.18005,1825.58496,1766.875,1773.31494
6/16/2021,1858.96497,1862.42505,1804.19495,1811.95251
6/15/2021,1866.255,1869.66504,1851.27502,1858.69495
6/14/2021,1874.58997,1878.21265,1844.57495,1865.995
6/11/2021,1898.41504,1903.30005,1874.074951,1876.64001
6/10/2021,1888.57007,1900.092041,1869.84497,1898.13745
6/9/2021,1893.48999,1899.39502,1886.57996,1888.29834
6/8/2021,1898.995,1903.95496,1883.38,1892.81995
6/7/2021,1888.48999,1900.40503,1880.88,1898.99622
6/4/2021,1871.31995,1896.60498,1856.094971,1889.96997
6/3/2021,1908.094971,1909.88501,1865.10999,1870.56995
6/2/2021,1900.045044,1909.33521,1894.045044,1907.94397
6/1/2021,1907.52551,1916.84497,1892.28003,1900.18994
5/31/2021,1903.69495,1911.12952,1901.56006,1906.35999
5/28/2021,1897.045044,1905.89502,1881.84497,1902.64001
5/27/2021,1896.495,1903.87,1888.22498,1896.079956
5/26/2021,1899.495,1913.15002,1890.33997,1896.43994
5/25/2021,1880.69495,1900.62659,1872.72998,1899.26404
5/24/2021,1882.34497,1887.43506,1875.18994,1881.069946
5/21/2021,1876.83997,1889.84998,1870.01001,1880.30005
5/20/2021,1869.745,1884.12,1863.53003,1876.68994
5/19/2021,1869.59497,1890.14502,1851.93506,1869.56995
5/18/2021,1866.59497,1875.40002,1862.94495,1868.21997
5/17/2021,1843.84497,1868.80005,1841.245,1866.13245
5/14/2021,1826.495,1845.54504,1819.78503,1842.18994
5/13/2021,1815.89502,1828.81006,1808.77502,1826.56995
5/12/2021,1837.39502,1843.68994,1813,1815.43994
5/11/2021,1834.58496,1842.32495,1817.68005,1836.93994
5/10/2021,1833.245,1845.53003,1830.089966,1835.43994
5/7/2021,1815.47998,1843.45496,1812.9032,1830.47705
5/6/2021,1787.094971,1818.21497,1781.66504,1815.17834
5/5/2021,1778.91003,1788.34863,1769.95496,1786.44397
5/4/2021,1792.29004,1799.375,1770.84497,1778.48315
5/3/2021,1768.495,1798.22498,1765.91003,1792.36145
4/30/2021,1772.89502,1773.97998,1763.72998,1768.58997
4/29/2021,1780.90002,1790.42505,1756.19495,1771.24329
4/28/2021,1776.79504,1782.84998,1762.56494,1781.32373
4/27/2021,1780.42004,1785.90002,1773.51501,1776.68994
4/26/2021,1776.34497,1783.69104,1768.70496,1780.18994
4/23/2021,1784.32996,1796.060059,1770.054565,1777.18005
4/22/2021,1794.15002,1798.28503,1776.82996,1783.93994
4/21/2021,1778.6449,1797.97998,1775.95496,1793.46167
4/20/2021,1770.30005,1780.76501,1763.18005,1777.2533
4/19/2021,1779.5,1790.53503,1765.97998,1769.31006
4/16/2021,1763.84497,1784.074951,1759.78503,1776.3064
4/15/2021,1737.099976,1769.91003,1734.10498,1763.20837
