datetime,open,high,low,close,volume
4/13/2026,130.23,134.41991,129.14999,132.37,65288149
4/10/2026,128.48,129.2,122.68,128.059998,116656800
4/9/2026,139.395,139.53999,128.47,130.49001,92361400
4/8/2026,154.765,156.28,139.17,140.75999,64827700
4/7/2026,146.882,150.27,144.45,150.070007,28671100
4/6/2026,148.36,150.61,146.631,147.92999,25142200
4/2/2026,143.485,148.50999,137.99001,148.46001,30437000
4/1/2026,147,148.3,144.47,146.49001,34171000
3/31/2026,140.020004,147.86,138.97,146.28,45558600
3/30/2026,143.27,144.12,136.3,137.55,41289800
3/27/2026,145.88,145.96001,141.56,143.059998,35790800
3/26/2026,153.054993,153.12,147.25,147.56,43038400
3/25/2026,157.42,160.27,154.855,154.96001,38543300
3/24/2026,160.070007,162.39999,151.64,154.78,56155700
3/23/2026,153.24001,161.080002,153.24001,160.84,57507100
3/20/2026,155.2,156.64999,149.089996,150.67999,48700200
3/19/2026,153.10001,156.14999,150.5,155.67999,33915900
3/18/2026,154.94501,156.69,152.61,152.77,32476700
3/17/2026,152.405,156.75,152.12,155.080002,37118500
3/16/2026,152.45,153.86,151.17,152.72,32898900
3/13/2026,153.3,154.56,148.58,150.95,42460600
3/12/2026,153.0099945,155.88,150.98,153.5,54409800
3/11/2026,151.38,153.16901,149.33,151.60001,33955900
3/10/2026,155.99001,156.657,150.14,151.14,47501400
3/9/2026,155.69,158.44,152.97,156.42999,47574200
3/6/2026,150.44,161.45,150.28999,157.16,74980900
3/5/2026,152.94,156.38,149.61,152.67,50714500
3/4/2026,148.42999,154.52,148.059998,153.19,60062200
3/3/2026,142.10001,147.5,138.2,147.22,67460200
3/2/2026,140.77499,147.14,140.52,145.17,72683900
2/27/2026,134.070007,138.10001,133.98,137.19,59412400
2/26/2026,133.845,137.50999,132.63,135.94,45100000
2/25/2026,130.61,136.089996,129.17999,134.19,53078300
2/24/2026,129.0050049,130.24001,126.37,128.84,47121400
2/23/2026,132.039993,132.039993,127.39,130.60001,52512200
2/20/2026,132.36501,136.21001,131.17,135.24001,53726800
2/19/2026,132.31,136.16,131.0099945,134.89,42197200
2/18/2026,135.89,140.963,134.87,135.38,59677100
2/17/2026,128.895,134.32001,127.29,133.020004,48407100
2/13/2026,127.9,133.56,126.233,131.41,49438100
2/12/2026,135.36,135.89,126.56,129.13,74090600
2/11/2026,139.024994,139.25,132.95,135.67999,52796100
2/10/2026,144.965,145.56,137.77,139.50999,56061300
2/9/2026,136.58,145.87,134.776,142.91,58042500
2/6/2026,135.33,137.687,132.35001,135.89999,62661400
2/5/2026,136.82001,137.98,128.32001,130.0099945,93690800
2/4/2026,155.41,155.85001,135.67999,139.53999,113199500
2/3/2026,165.050003,165.078003,153.12,157.88,113169200
2/2/2026,150.94,151.39999,146.65401,147.75999,72811100
1/30/2026,150.050003,151,145.13901,146.59,47271000
1/29/2026,157.63,157.63,147.12,151.86,59846800
1/28/2026,164.39999,165.044998,157.24001,157.35001,44822800
1/27/2026,167.48,169.44,164.69,165.7,26542300
1/26/2026,168.21001,170.59,167.325,167.47,22777200
1/23/2026,167.27,172,166.3,169.60001,30285700
1/22/2026,168.925,169,164.95,165.89999,28499500
1/21/2026,168.40199,169.49001,161.11,165.33,47851200
1/20/2026,167.625,171.97,166.24001,168.53,36708500
1/16/2026,179.36,182.42999,170.0099945,170.96001,59483600
1/15/2026,178.71001,180.60001,176.53,177.070007,31109200
1/14/2026,178.125,181.59801,173.95,178.39999,33651400
1/13/2026,178.875,181.10001,176.14,178.96001,27769400
1/12/2026,177.685,182.5,176.34,179.41,34954500
1/9/2026,177.020004,178.72,174.75,177.49001,31362900
1/8/2026,185.61501,185.66,174.37,176.86,47304300
1/7/2026,179.8,187.28,177.66,181.67999,45349000
1/6/2026,175.75999,180.19,174.77,179.71001,34838600
1/5/2026,174.88,175.82001,171.78999,174.039993,39511700
1/2/2026,181.3,181.35001,166.35001,167.86,60634100
12/31/2025,181.13,181.53,177.25,177.75,22997400
12/30/2025,184.35001,184.729,180.7,180.84,23336300
12/29/2025,186.85001,187.2,183.64,184.17999,28242000
12/26/2025,195.014999,196.35001,188.62,188.71001,26262000
12/24/2025,193.16,195.17,192.83,194.17,11710100
12/23/2025,192.825,195.37,191.735,194.13,24041000
12/22/2025,195.039993,198.88,192.42999,193.98,36686000
12/19/2025,186.74001,195,186.73,193.38,76929400
12/18/2025,181.50999,187.33,181.50999,185.69,40221500
12/17/2025,187.715,187.75,176.5,177.28999,50424700
12/16/2025,181.655,188.5,181.142,187.75,42070300
12/15/2025,185.080002,187.78,180.029999,183.25,32796100
12/12/2025,185.81,186.52499,177.66701,183.57001,42427400
12/11/2025,184.8,188.050003,180.21001,187.53999,36843200
12/10/2025,184.95,190.39,182.75,187.91,59398000
12/9/2025,180.97,182.85001,180.38,181.84,18937600
12/8/2025,182.21001,183.88,179.53999,181.49001,30456700
12/5/2025,178.23,182.153,177.16,181.75999,32079300
12/4/2025,176.36501,178.44,174.42999,177.92,29217800
12/3/2025,170.14,177.91,168.83,176.080002,30541600
12/2/2025,169.59,175.75,169.59,170.69,35368000
12/1/2025,165,169.10001,163.12,167.49001,27779600
11/28/2025,167.75999,168.8,165.875,168.45,17199500
11/26/2025,166.85001,168.339,163.88,165.77,34610500
11/25/2025,160.070007,164.64999,156.55499,163.55,36523500
11/24/2025,157.47,165.17,157,162.25,57877800
11/21/2025,156.0099945,158.11,147.56,154.85001,71346400
11/20/2025,172.070007,174.57001,154.395,155.745,78443900
11/19/2025,167.8,169.60001,162.42,165.42,46108200
11/18/2025,168.37,172.83,165.5,167.33,53710100
11/17/2025,170.53,174.24001,167.67999,171.25,50339000
11/14/2025,166.97501,177.28999,164.5,174.0099945,62596800
11/13/2025,181.715,182.7,170.731,172.14,63188800
11/12/2025,190.58,190.58,180.39999,184.17,55347100
11/11/2025,190.33501,192.925,187.13,190.96001,49819700
11/10/2025,184.31,194.92999,183.52,193.61,87764200
11/7/2025,173.14999,178.7,168.91,177.92999,73989700
11/6/2025,187.99001,191.089996,174.53,175.050003,78468600
11/5/2025,189,190.32001,181.21001,187.89999,76121000
11/4/2025,192.070007,195.7,185.56,190.74001,121380900
11/3/2025,205.044998,207.52,201.82001,207.17999,81016800
10/31/2025,199.2,204.17999,197.92,200.47,52697600
10/30/2025,198.425,199.67,194.12,194.55,43541700
10/29/2025,191.080002,199.85001,190.49001,198.81,65537300
10/28/2025,189.48,191.78,186.78,189.60001,38201000
10/27/2025,188.97,192.83,187.52,189.17999,47153100
10/24/2025,182.88,186.17,182.85001,184.63,34813500
10/23/2025,175.44501,181.56,175.0099945,180.48,35812300
10/22/2025,181.92999,182.21001,169.42,175.49001,58263100
10/21/2025,182.059998,182.38901,178.64999,181.50999,27528100
10/20/2025,179.49001,183.089996,177.44,181.59,31975800
10/17/2025,177.75,181.59,173.95,178.14999,43421500
10/16/2025,181.78,184.82001,176.45,178.12,42870900
10/15/2025,181.655,184.35001,176.020004,179.62,37372100
10/14/2025,176,182.34,170.82001,179.74001,49261400
10/13/2025,178.67999,179.22,173.45,177.21001,41332400
10/10/2025,185.17,187.10001,173.53,175.44,55194000
10/9/2025,183.58,187.62,179.95,185.47,45050300
10/8/2025,182.8,184.25999,181.2,183.56,36299700
10/7/2025,180.31,186.17999,179.42,182.17,58179300
10/6/2025,179.17999,182.95,177.83,179.53,52504200
10/3/2025,186.39999,186.84,170.77,173.070007,105533400
10/2/2025,186.7,188.2,182.95,187.050003,39849200
10/1/2025,181.32001,186.28,179.5,184.95,45717300
9/30/2025,178.98,182.77,178.22,182.42,43561700
9/29/2025,179.64,181.48,177.16,178.86,38413800
9/26/2025,179.050003,180.12,174.91,177.57001,44275800
9/25/2025,175.8,184.32001,174.28999,179.12,72321200
9/24/2025,183.91,184.85001,177.12,179.56,45379700
9/23/2025,182.50999,185.75,177.0099945,182.55,62354800
9/22/2025,180.88,182.25,178.28999,179.33,45916700
9/19/2025,177.070007,184.42,176.71001,182.39,109129900
9/18/2025,170.27,178.8,169.39,176.97,70768600
9/17/2025,169.020004,169.67999,161.27,168.33,69255500
9/16/2025,171.039993,171.31,168.96001,170.25999,34598700
9/15/2025,169.60001,171.8,167.41,171.21001,45396100
9/12/2025,165.35001,171.53,164.0099945,171.42999,54498500
9/11/2025,167.24001,167.45799,163.22,164.36,42025500
9/10/2025,166,169,163.44,166.74001,62211400
9/9/2025,157.25,162.75,156.37,162.36,61359500
9/8/2025,154.91,158.3,154.84,156.10001,47643000
9/5/2025,157.82001,158.97,148.039993,153.11,81855900
9/4/2025,154.86501,157.039993,153.16,156.14,53292300
9/3/2025,158,161.14999,152.71001,154.89999,66052300
9/2/2025,151.2,158.39,150.28,157.089996,65435000
8/29/2025,156.98,158.42,153,156.71001,45270500
8/28/2025,157.63,158.23,152.55,158.12,57885200
8/27/2025,162.32001,162.39999,155.98,156.72,76380600
8/26/2025,155.39,162.13,154.57001,160.87,86573700
8/25/2025,156.10001,158.59,149.37,157.17,86879800
8/22/2025,155.315,163.2,151.77,158.74001,102099200
8/21/2025,157.17,157.97,153.81,156.17999,94678600
8/20/2025,152.3,156.46001,142.34,156.0099945,220336400
8/19/2025,171.36,172.3,156.89999,157.75,137922700
8/18/2025,175.27,177.89999,171.39,174.029999,62656600
8/15/2025,179.72501,180,173.38,177.17,60288700
8/14/2025,182.41,185.33,179.2,181.020004,53472900
8/13/2025,189,189.46001,183.59,184.37,53610000
8/12/2025,184.7,190,182.10001,186.97,54819000
8/11/2025,186.47,187.17999,181.92,182.67999,56125600
8/8/2025,184.735,187.99001,184.41,186.96001,62657900
8/7/2025,181.0099945,184.48,178.17,182.2,77829200
8/6/2025,171.175,180.58099,171.0099945,179.53999,82924800
8/5/2025,171.81,176.33,169.22,173.27,130917500
8/4/2025,158.53,161.39999,157.92999,160.66,82993600
8/1/2025,155.050003,158.19,151.057999,154.27,61287000
7/31/2025,159.99001,160.89,156.73,158.35001,45342600
7/30/2025,157.36501,159.38,156.56,158.61,40261700
7/29/2025,158.715,160.14,154.91,156.24001,42427200
7/28/2025,159.88,160.28,153.039993,157.88,63886900
7/25/2025,155.63,160.39,155.58,158.8,57972300
7/24/2025,153.98,155.63,152.575,154.86,38925700
7/23/2025,149.74001,155,148.287,154.63,48062000
7/22/2025,150.85001,151.78999,145.061996,149.070007,49880800
7/21/2025,153.88,155.44,151.36,151.78999,45072800
7/18/2025,154.86,154.92,151.89999,153.52,45771600
7/17/2025,151.56,155.67999,150.82001,153.99001,60165500
7/16/2025,149.3,151.50999,147.674,150.91,57550300
7/15/2025,148.92999,150.62,147.36,148.58,59126200
7/14/2025,142.72,149.575,142.22,149.14999,81774400
7/11/2025,142.11,144.58,141.47,142.10001,52134800
7/10/2025,143.31,145.16,139.53,142.5,64383900
7/9/2025,139.655,143.17,137.39,143.13,68494800
7/8/2025,138.77499,139.855,135.78999,139.71001,59834800
7/7/2025,134.38,139.28999,132.32001,139.12,71959700
7/3/2025,134.36,135.62,132.50999,134.36,41812500
7/2/2025,131.47,133.60001,130.19,132.12,59732000
7/1/2025,135.27,136.32001,128.50999,130.67999,91479700
6/30/2025,137.78999,138.875,134.8,136.32001,97305600
6/27/2025,144.87,144.97,130.53999,130.74001,202598600
6/26/2025,144.85001,148.215,142.91,144.25,69440500
6/25/2025,144.49001,147.67,141.53,142.89999,61435300
6/24/2025,140.98,143.66,137.8,143.23,58574200
6/23/2025,138.89999,142.14999,135.96001,139.92,70501100
6/20/2025,140.69,142.24001,136.742,137.3,87067000
6/18/2025,139.039993,140.36,137.49001,139.96001,58260200
6/17/2025,141.485,141.69,136.080002,138.2,70479100
6/16/2025,140.029999,144.86,139.812,141.41,80779800
6/13/2025,133.815,139.99001,133.35001,137.39999,93519000
6/12/2025,136.39999,137.10001,134.63,135.19,56248200
6/11/2025,133.92,140,132.99001,136.39,97366000
6/10/2025,131.020004,134.070007,129.41,132.81,69308900
6/9/2025,127.074997,132.23,124.8,132.059998,74785600
6/6/2025,123.73,128.13,121.92,127.72,87175100
6/5/2025,129.27,132.85001,118.93,119.91,131055900
6/4/2025,132.8,132.95,125.58,130.0099945,97306300
6/3/2025,133.070007,135.28,130.10001,133.17,91297700
6/2/2025,131.435,134.48,128.86,132.039993,93218700
5/30/2025,123.53,131.94,122.75,131.78,185897600
5/29/2025,125.35,126.47,121.53,122.32,63137900
5/28/2025,124.23,125.65,122.91,123.76,64866000
5/27/2025,126.82,127.88,120.88,123.39,86455200
5/23/2025,120.88,125.54,120.68,123.31,65905800
5/22/2025,121.95,126.33,121.375,122.29,75498300
5/21/2025,125.16,127.11,119.41,120.58,80657700
5/20/2025,127.22,128.2,124.65,125.59,61265300
5/19/2025,124.715,127.77,124.32,126.33,72503900
5/16/2025,129.23,130.33,126.76,129.52,57003700
5/15/2025,128.37,130.2,125.74,128.12,69503000
5/14/2025,129.0099945,133.49001,127.559,130.17999,96611500
5/13/2025,119.92,130.60001,119.31,128.10001,147155400
5/12/2025,120.78,120.935,115.010002,118.46,94257300
5/9/2025,118.97,119.16,114.9,117.3,81005300
5/8/2025,112.28,120.38,112.07,119.15,126966200
5/7/2025,107.97,111.85,107,110.48,95428800
5/6/2025,112.71,113.91,105.32,108.86,201193400
5/5/2025,123.7,125.255,121.36,123.77,135961300
5/2/2025,118.66,124.42,118.63,124.28,103094300
5/1/2025,120.040001,120.19,116,116.2,90677600
4/30/2025,111.61,118.78,110.54,118.44,109461700
4/29/2025,113.98,117.23,113.24,116.080002,79709000
4/28/2025,113.78,114.86,108.87,114.65,111082900
4/25/2025,108.050003,112.88,106.55,112.78,103933800
4/24/2025,101.53,108,100.91,107.78,103190700
4/23/2025,98.86,103.76,97.83,100.82,112909500
4/22/2025,93.014999,96.34,91.35,93.99,91185400
4/21/2025,92.84,96.475,89.31,90.8,83831100
4/17/2025,94.71,95.11,92.27,93.78,83991800
4/16/2025,96.28,97.3,89.62,92.71,121997600
4/15/2025,93.53,98.99,93.050003,98.4,118457700
4/14/2025,95.8,97.33,91.46,92.62,122836900
4/11/2025,87.98,89.55,85.47,88.55,95130700
4/10/2025,88.4,90.78,84.14,88.59,124448200
4/9/2025,78.19,93.33,77.27,92.010002,187244300
4/8/2025,83.29,86.114,75.22,77.32,135345600
4/7/2025,66.65,81.8,66.12,77.84,169083700
4/4/2025,80.07,80.98,71.93,74.010002,147323200
4/3/2025,81.25,85.68,81.010002,83.6,93878200
4/2/2025,82.4,88.405,82.3,87.45,96563100
4/1/2025,83.89,85.28,81.82,84.68,78980700
3/31/2025,80,84.65,78.75,84.4,108092900
3/28/2025,89.34,89.38,84.099998,85.85,91091700
3/27/2025,91.014999,93.65,89.67,90.089996,82823000
3/26/2025,96.29,97.3,90.82,92.28,81428600
3/25/2025,97.22,98.17,95.080002,96.5,78015300
3/24/2025,93.4,97.39,92.28,96.75,112164700
3/21/2025,85.85,91.07,84.46,90.96,116748700
3/20/2025,85.54,89.8,85.12,87.39,105547400
3/19/2025,84.55,87.99,82.86,86.099998,89797400
3/18/2025,85.78,86.17,81.8,83.89,93236500
3/17/2025,88.44,88.82,84.5,87.35,99348900
3/14/2025,82.97,87.27,82.16,86.24,113985000
3/13/2025,82.845,83.74,78.32,79.62,100927200
3/12/2025,83.48,84.55,79.86,83.65,116525100
3/11/2025,75.785,80.745,75.53,78.050003,109351500
3/10/2025,82,82.69,74.57,76.38,136843800
3/7/2025,80.025002,85.16,79.15,84.91,105377100
3/6/2025,87.505,88.34,80.010002,80.46,117340600
3/5/2025,86.35,90.3,82.5,90.13,116053000
3/4/2025,80.16,88.5,79.3,84.4,116800300
3/3/2025,88.55,90.48,82.53,83.42,114573900
2/28/2025,79.98,85.18,78.58,84.92,125977400
2/27/2025,91.91,93.62,84.17,84.77,99680500
2/26/2025,89.16,91.69,87.59,89.31,94428700
2/25/2025,90.65,91.7,85.25,87.84,132626300
2/24/2025,95.88,99.010002,89.3,90.68,184485000
2/21/2025,107.68,109.07,100,101.35,129063200
2/20/2025,102.91,107.4,95.8,106.27,243093900
2/19/2025,123.86,125.41,108.56,112.059998,147487300
2/18/2025,120.94,125,118.43,124.62,84227200
2/14/2025,117.9,120.67,116.8,119.16,65528900
2/13/2025,117.31,118.39,115.15,117.91,60027000
2/12/2025,110.29,117.59,110,117.39,75316900
2/11/2025,116.5,118.66,112.099998,112.62,94311700
2/10/2025,112.029999,116.76,108.72,116.65,99938100
2/7/2025,111.66,116.3,110.45,110.85,143795400
2/6/2025,101.089996,111.545,100.26,111.28,128217500
2/5/2025,101.78,103.57,99.32,101.36,90628300
2/4/2025,102.8,106.91,100.51,103.83,230806800
2/3/2025,80.125,84.25,78.47,83.74,126592700
1/31/2025,81,85.22,80.87,82.49,79000200
1/30/2025,80.019997,81.83,79.38,81.22,46067500
1/29/2025,79.95,80.82,77.81,79.76,49262200
1/28/2025,75.54,80.74,74.040001,80.23,65916700
1/27/2025,74.07,76.72,72.67,75.44,76093300
1/24/2025,79.050003,82.24,78.44,78.98,77931900
1/23/2025,76.040001,79,75.84,78.98,55937900
1/22/2025,74.5,77.16,73.8,76.87,66876400
1/21/2025,73.24,73.636,70.601,73.07,56229000
1/17/2025,70.9,72.34,69.95,71.77,54754000
1/16/2025,69.080002,71.43,68.36,69.24,62908700
1/15/2025,68.55,68.85,67.080002,68.14,56025800
1/14/2025,67.18,68.23,65.19,65.91,56814900
1/13/2025,64.29,65.68,63.4,64.98,69046300
1/10/2025,66.010002,68.2,65.040001,67.26,78148600
1/8/2025,68.12,69.53,66.51,68.23,91349500
1/7/2025,75.2,75.39,69.75,69.99,91727300
1/6/2025,78.69,80.059998,74.61,75.92,105619500
1/3/2025,75.39,79.98,75.19,79.89,62415000
1/2/2025,76.2,76.53,72.42,75.19,72217200
12/31/2024,77.58,77.98,73.65,75.63,56267900
12/30/2024,77.040001,79.24,76.11,77.18,60850900
12/27/2024,81.42,82,77.93,79.080002,66975900
12/26/2024,83.16,83.49,81.3,82.14,60377100
12/24/2024,81.089996,84.797,81,82.38,64983300
12/23/2024,80.65,82.019997,77.41,80.69,93819500
12/20/2024,72.64,80.66,71.5,80.55,281230800
12/19/2024,73.99,76.59,73.37,74.21,99524300
12/18/2024,74.3,77.6,70.27,71.51,109643400
12/17/2024,73.28,75.32,71.7,74.39,75469400
12/16/2024,75.059998,77.82,71.16,75.75,126099600
12/13/2024,73.49,76.099998,72.45,76.07,76172800
12/12/2024,72.3,75.38,71.9,73.2,73859700
12/11/2024,72.98,73,68.07,72.51,89477700
12/10/2024,71.99,75.56,70.73,70.89,89672500
12/9/2024,80.58,80.91,71.050003,72.46,168134800
12/6/2024,72.95,76.82,72.28,76.34,93640900
12/5/2024,70.11,72.98,69.89,71.87,66585800
12/4/2024,71.13,71.18,67.28,69.85,86284800
12/3/2024,66.41,71.37,66.15,70.96,100751400
12/2/2024,67.44,67.88,65.96,66.39,46405000
11/29/2024,65.89,67.16,65.47,67.080002,30104000
11/27/2024,66.24,67.56,64.24,66.050003,53839900
11/26/2024,64.57,65.85,63.89,65.74,46923600
11/25/2024,66.9,67.88,64.080002,64.65,80640500
11/22/2024,61.6,64.44,61.37,64.35,61381700
11/21/2024,62.040001,63.4,60.895,61.36,56336700
11/20/2024,62.59,63.080002,59.96,62.12,59182200
11/19/2024,59.51,63.0099983,59.265,62.98,75557800
11/18/2024,64.92,64.92,58.85,61.26,137877600
11/15/2024,61.0099983,66,60.91,65.77,155280400
11/14/2024,61.049999,61.17,58.53,59.18,59968200
11/13/2024,61.52,63.39,59.85,60.7,85937400
11/12/2024,59.0099983,60.09,58.57,59.85,59061300
11/11/2024,60.133,62.080002,58.69,60.24,108357800
11/8/2024,55.57,58.48,55.3,58.39,84124000
11/7/2024,55.82,56.47,53.55,55.88,121591200
11/6/2024,53.44,55.69,51.61,55.53,114255900
11/5/2024,47.86,51.575,46.86,51.13,208868200
11/4/2024,41.080002,42.040001,41.032001,41.41,75413300
11/1/2024,41.93,42.57,41.59,41.92,33722500
10/31/2024,42.79,43.32,40.9,41.56,50973400
10/30/2024,44.58,44.8,43.61,43.69,31309200
10/29/2024,44.9,45.07,44.040001,44.93,26154700
10/28/2024,45.049999,45.14,44.68,44.97,36729700
10/25/2024,43.85,45.07,43.645,44.86,50416500
10/24/2024,42.89,43.73,42.66,43.56,34079600
10/23/2024,42.85,43.68,42.055,42.59,35647000
10/22/2024,42.69,43.49,42.3,42.94,27830700
10/21/2024,42.86,43.4,42.41,42.7,30719800
10/18/2024,42.014999,42.99,41.65,42.97,33969000
10/17/2024,42.15,42.7,41.61,42,34028400
10/16/2024,42.4,42.49,40.36,41.93,59157900
10/15/2024,43.475,43.68,41.515,42.43,48297000
10/14/2024,43.72,44.39,43.28,43.4,41010900
10/11/2024,43.4,44.38,42.62,43.51,66206900
10/10/2024,42.92,43.878,42.41,43.52,62516300
10/9/2024,41.55,43.34,41.21,43.13,86404700
10/8/2024,39.29,41.49,39.014999,41.45,62542900
10/7/2024,39.9,40.15,38.775,38.89,44124800
10/4/2024,39.65,40.29,39.4,40.0099983,62532500
10/3/2024,37.45,39.29,37.37,39.24,57196400
10/2/2024,36.3,37.68,36.145,37.49,34988900
10/1/2024,37.21,37.56,36.049999,36.46,52858000
9/30/2024,36.58,37.32,36.15,37.2,42110200
9/27/2024,36.91,37.47,36.59,36.84,43219100
9/26/2024,37.26,37.44,36.6,37.099998,48602000
9/25/2024,36.89,37.18,36.383,37.12,46511700
9/24/2024,37.97,37.98,36.43,36.9,79519200
9/23/2024,36.86,38.19,36.57,37.95,79460700
9/20/2024,36.0099983,37.29,35.71,37.2,450290500
9/19/2024,37,37.35,36.2,36.83,59882000
9/18/2024,35.9,37.11,35.871,36.38,66279800
9/17/2024,37,37.049999,35.87,36.45,64461800
9/16/2024,35.78,36.92,35.56,36.31,74767300
9/13/2024,34.97,36.0099983,34.89,35.59,49727200
9/12/2024,34.86,35.4,34.531,34.91,54391800
9/11/2024,34.0099983,34.87,33.62,34.85,68302300
9/10/2024,34.81,35.2,33.71,34.76,91721000
9/9/2024,32.7,34.7,32.47,34.6,140582500
9/6/2024,30.6,31.040001,29.5,30.33,50946800
9/5/2024,30.24,30.74,30.01,30.16,24012300
9/4/2024,30,30.85,29.31,30.59,33419500
9/3/2024,31.35,31.589,30.165,30.51,34531600
8/30/2024,31.049999,31.5,30.7,31.48,42388000
8/29/2024,30.65,31.82,30.484,31,39733000
8/28/2024,30.62,30.8,29.75,30.36,33961400
8/27/2024,30.55,31.12,30.38,30.84,23541300
8/26/2024,31.43,31.74,30.79,30.85,35283600
8/23/2024,31.99,32.55,31.622,31.78,34121200
8/22/2024,32.55,33.125,31.85,31.92,43522200
8/21/2024,32.32,32.67,31.97,32.54,38147600
8/20/2024,32.5,32.72,31.63,32.32,40783000
8/19/2024,32.42,32.59,31.814,32.5,52353600
8/16/2024,31.040001,32.75,30.98,32.080002,64870600
8/15/2024,31.31,31.495,30.83,31.22,43407600
8/14/2024,30.62,31.37,30.33,31,49885600
8/13/2024,29.789,30.85,29.56,30.39,57294200
8/12/2024,30.22,31.2,29.27,29.38,67890300
8/9/2024,29.28,30.36,29.1,30.01,88131100
8/8/2024,27.040001,29.375,26.69,29.28,96892900
8/7/2024,27.07,28.36,26.24,26.32,75975400
8/6/2024,27.049999,27.42,25.57,26.59,99622700
8/5/2024,21.74,24.42,21.23,24.09,88023500
8/2/2024,24.75,24.87,23.75,24.74,56092600
8/1/2024,27.02,27.535,25.83,26.08,31189600
7/31/2024,27.02,27.39,26.88,26.89,29111600
7/30/2024,27.25,27.44,25.89,26.37,31819900
7/29/2024,27.56,27.8,26.73,27.08,26038800
7/26/2024,27,27.34,26.77,27.18,27432200
7/25/2024,26.040001,27.288,25.42,26.63,45474600
7/24/2024,28.44,28.685,26.58,26.6,49004100
7/23/2024,28.34,29.19,28.31,28.81,31134300
7/22/2024,28.93,28.97,27.69,28.46,38037800
7/19/2024,28.31,29.6,28.27,28.58,49581600
7/18/2024,28.42,29.83,28.15,28.64,76485600
7/17/2024,28,28.87,27.6,28.22,45203500
7/16/2024,28.18,28.84,27.47,28.67,59330700
7/15/2024,28.42,29.3,27.9,28.67,49186300
7/12/2024,27.32,28.13,27.28,28.07,30760300
7/11/2024,28.49,28.59,26.9,27.64,61546100
7/10/2024,27.5,28.47,27.37,28.42,43231000
7/9/2024,27.93,28.38,27.23,27.39,53067100
7/8/2024,27.93,27.986,26.84,27.7,59611200
7/5/2024,26,27.25,25.975,27.23,46703700
7/3/2024,25.96,26.27,25.76,25.85,18433800
7/2/2024,25.84,26.43,25.75,25.83,32148200
7/1/2024,25.48,26.02,25.142,25.88,33167900
6/28/2024,25.28,25.57,25.030001,25.33,38886400
6/27/2024,24.1,25.4,24.049999,25.22,37882900
6/26/2024,24.47,24.66,24.025,24.1,24331400
6/25/2024,24.16,24.63,23.92,24.56,29657200
6/24/2024,23.44,24.387,23.3,24.16,36477400
6/21/2024,24.71,26.09,23.53,23.84,69981600
6/20/2024,26.44,26.57,25.155,25.56,66735000
6/18/2024,25.15,26.025,24.83,25.82,54458600
6/17/2024,23.47,25.059999,23.45,25.02,54101500
6/14/2024,23.15,23.72,22.84,23.57,26618300
6/13/2024,23.85,24.14,23.15,23.27,26035100
6/12/2024,24.2,24.33,23.57,23.77,38542700
6/11/2024,23.059999,23.95,22.89,23.85,30601900
6/10/2024,22.75,23.16,22.66,23.13,31509300
6/7/2024,23.24,23.57,23.059999,23.31,37149900
6/6/2024,22.98,23.95,22.98,23.79,60400400
6/5/2024,22.48,22.98,22.22,22.96,39825400
6/4/2024,21.049999,22.26,21.040001,22.1,41974000
6/3/2024,21.7,21.79,21.0049992,21.32,33876100
5/31/2024,21.79,22.2,21.31,21.68,44416100
5/30/2024,21.28,21.96,21.02,21.73,47583100
5/29/2024,20.77,20.99,20.64,20.94,24834200
5/28/2024,21.059999,21.22,20.73,21.049999,26274200
5/24/2024,20.72,21.15,20.65,21.01,22073800
5/23/2024,21.39,21.52,20.63,20.72,36887600
5/22/2024,21.23,21.42,21.08,21.17,25212500
5/21/2024,21.34,21.45,21.12,21.24,27954000
5/20/2024,21.77,21.77,21.22,21.62,35255300
5/17/2024,21.78,22.169,21.56,21.76,30032300
5/16/2024,21.74,21.87,21.535,21.65,27416700
5/15/2024,21.73,21.81,21.185,21.67,39424000
5/14/2024,20.95,22.07,20.93,21.44,57894400
5/13/2024,20.6,21.19,20.6,20.94,37524800
5/10/2024,21.27,21.37,20.5,20.6,59845400
5/9/2024,21.49,21.58,20.94,21.14,54101900
5/8/2024,21.58,21.73,21.059999,21.56,67582900
5/7/2024,21.99,22.7,21.35,21.4,161061600
5/6/2024,24.37,25.355,24.030001,25.21,175936600
5/3/2024,23.48,23.64,22.91,23.33,55976400
5/2/2024,22.6,22.715,22.1,22.55,30396100
5/1/2024,21.93,22.83,21.63,22.12,34665900
4/30/2024,22.77,22.87,21.95,21.97,30511900
4/29/2024,22.75,23.09,22.545,22.83,30104900
4/26/2024,22.049999,22.67,21.91,22.52,33119800
4/25/2024,20.82,21.74,20.66,21.71,26226700
4/24/2024,22.049999,22.25,21.3,21.59,34426500
4/23/2024,21.25,22.059999,21.23,21.64,36304600
4/22/2024,20.72,21.08,20.36,20.97,31894500
4/19/2024,20.98,21.43,20.33,20.47,39290300
4/18/2024,21.25,21.43,20.7,21.13,34550500
4/17/2024,22.01,22.11,21.22,21.31,30139800
4/16/2024,21.59,21.99,21.27,21.88,33869200
4/15/2024,22.79,23.13,21.83,21.9,38182100
4/12/2024,22.7,23.2,22.41,22.67,36348800
4/11/2024,22.65,22.91,22.25,22.84,26399400
4/10/2024,22.22,22.71,22.01,22.42,28642900
4/9/2024,23.01,23.087,22.46,22.81,27724500
4/8/2024,23.08,23.2,22.67,23,25022700
4/5/2024,22.42,23.32,22.307,22.96,38565800
4/4/2024,23.82,24.1,22.4,22.48,64995300
4/3/2024,22.44,23.01,22.38,22.7,30357400
4/2/2024,22,22.79,21.72,22.72,39770600
4/1/2024,22.98,23.21,22.4,22.86,41000000
3/28/2024,24.17,24.28,22.94,23.01,70008200
3/27/2024,25,25.48,24.26,24.51,38600100
3/26/2024,24.76,25.47,24.47,24.89,43610500
3/25/2024,24.12,24.62,24.049999,24.51,29255900
3/22/2024,24.2,24.475,24.02,24.18,25354300
3/21/2024,25.3,25.33,24.44,24.49,37099600
3/20/2024,23.77,24.65,23.67,24.57,40273800
3/19/2024,23.5,23.83,22.92,23.8,43247200
3/18/2024,23.77,24.18,23.32,24,44083000
3/15/2024,23.85,24.1,23.42,23.49,61270500
3/14/2024,24.83,24.97,24.14,24.43,49214800
3/13/2024,24.7,25.44,24.6,25,59713000
3/12/2024,25.57,25.64,24.35,24.7,75202600
3/11/2024,25.89,26.83,25.29,25.35,60829300
3/8/2024,27.19,27.28,25.81,26.040001,83969300
3/7/2024,27.01,27.5,26.38,26.46,117519300
3/6/2024,25.75,26.75,24.53,26.16,207386900
3/5/2024,23.96,24.409,23.43,23.81,49542300
3/4/2024,24.4,24.58,23.53,24.040001,64320000
3/1/2024,25.3,25.69,24.535,24.93,63090500
2/29/2024,24.81,25.293,24.36,25.08,62753300
2/28/2024,24.52,24.84,24.245,24.42,47314000
2/27/2024,23.76,24.62,23.72,24.53,64967400
2/26/2024,23.030001,23.88,22.94,23.56,46499500
2/23/2024,23.53,24.07,22.82,22.97,48840800
2/22/2024,23.77,23.95,23.049999,23.59,64458200
2/21/2024,22.3,22.93,22.29,22.74,60411500
2/20/2024,23.84,24,22.715,23.4,93374300
2/16/2024,24.96,25.495,24.39,24.44,65212100
2/15/2024,25.040001,25.46,24.71,25.41,70544300
2/14/2024,24.15,25.5,23.755,25.19,97227900
2/13/2024,23.53,24.66,23.31,24.01,102293300
2/12/2024,23.91,25.525,23.82,25.049999,108173000
2/9/2024,25.040001,25.11,23.57,24.38,149062000
2/8/2024,23.96,25.059999,23.32,24.51,212671100
2/7/2024,21.6,23.87,21.38,23.6,254911100
2/6/2024,20.3,22.18,19.76,21.87,420501900
2/5/2024,17.56,17.87,16.48,16.72,167698300
2/2/2024,16.34,17.02,16.145,17.02,56983900
2/1/2024,16.21,16.487,16.030001,16.33,40454400
1/31/2024,16.41,16.76,16.07,16.09,43582500
1/30/2024,17.040001,17.24,16.66,16.74,36388200
1/29/2024,16.45,17.11,16.43,17.09,35987800
1/26/2024,16.4,16.75,16.34,16.35,28612200
1/25/2024,16.92,17,16.31,16.46,44589000
1/24/2024,17.51,17.65,16.735,16.75,42710700
1/23/2024,17.64,17.73,17.2,17.33,37794300
1/22/2024,17.46,18.35,17.43,17.6,85573900
1/19/2024,16.57,16.78,16.15,16.78,40538700
1/18/2024,16.75,16.81,16.1,16.4,35239700
1/17/2024,16.26,16.41,16.049999,16.39,30832800
1/16/2024,16.59,16.74,16.29,16.53,32659300
1/12/2024,16.68,17.059999,16.62,16.76,33861400
1/11/2024,16.81,16.93,16.17,16.68,39552400
1/10/2024,16.5,17.030001,16.4,16.79,41254400
1/9/2024,16.51,16.63,16.28,16.39,35794500
1/8/2024,16.22,16.89,16.14,16.67,49090000
1/5/2024,15.7,16.128,15.664,15.98,57628800
1/4/2024,16.049999,16.58,15.95,16.25,39937700
1/3/2024,16.12,16.38,16.01,16.09,46865200
1/2/2024,16.95,16.95,16.5,16.58,41626700
12/29/2023,17.52,17.64,17.1,17.17,38805000
12/28/2023,17.46,17.84,17.42,17.56,38990000
12/27/2023,17.78,17.91,17.45,17.47,32918400
12/26/2023,17.44,17.745,17.33,17.68,31750700
12/22/2023,17.7,17.7,17.325,17.41,33615000
12/21/2023,17.53,17.74,17.42,17.59,30493600
12/20/2023,17.87,17.92,17.19,17.25,58666900
12/19/2023,17.98,18.19,17.84,17.95,43530300
12/18/2023,18.21,18.575,17.77,17.84,60188100
12/15/2023,18.67,19.15,18.040001,18.2,93004400
12/14/2023,18.17,18.58,17.72,18.21,67462800
12/13/2023,17.65,17.9,17.22,17.87,52682600
12/12/2023,17.69,17.88,17.23,17.5,46231900
12/11/2023,17.97,18.28,17.7,17.77,50929600
12/8/2023,17.18,17.92,17.09,17.77,57404600
12/7/2023,17.22,17.48,17.08,17.22,56455000
12/6/2023,17.69,17.83,17.049999,17.13,96111000
12/5/2023,18.25,18.55,17.96,18.3,54460800
12/4/2023,19.75,19.9,18.27,18.4,104948500
12/1/2023,19.93,20.29,19.55,20.27,61336000
11/30/2023,19.94,20.23,19.68,20.049999,55501000
11/29/2023,19.945,20.31,19.78,19.84,62782100
11/28/2023,19.11,19.8,19.030001,19.71,54170700
11/27/2023,19.13,19.5,18.62,19.08,58808200
11/24/2023,19.38,19.6,18.93,19.2,39800400
11/22/2023,20.26,20.44,19.33,19.69,68326000
11/21/2023,21.11,21.85,19.72,19.8,106643300
11/20/2023,20.65,21.6,20.56,21.34,90270000
11/17/2023,19.68,20.58,19.6587,20.49,69497400
11/16/2023,19.8,19.875,19.29,19.77,49942800
11/15/2023,19.9,20.37,19.611,19.95,75533500
11/14/2023,20,20.1,19.5,19.94,83230500
11/13/2023,19.59,19.88,19.3,19.71,74877500
11/10/2023,18.155,19.72,18.059999,19.67,92748000
11/9/2023,18.66,18.87,18.16,18.27,48454200
11/8/2023,18.85,18.93,18.15,18.49,46063100
11/7/2023,18.86,19.17,18.53,18.8,56289100
11/6/2023,18.99,19.08,17.93,18.54,79952600
11/3/2023,18.02,19.079,17.76,18.89,109039500
11/2/2023,17.48,18.3,17.21,17.97,170406800
11/1/2023,14.8,14.96,14.48,14.92,54419100
10/31/2023,14.58,15.01,14.55,14.8,40195400
10/30/2023,15.27,15.29,14.56,14.69,46886400
10/27/2023,15.48,15.6,14.96,15.07,39913600
10/26/2023,15.6,15.91,15.05,15.29,49351800
10/25/2023,16.57,16.63,15.58,15.59,46706500
10/24/2023,16.38,16.93,16.3,16.64,39833800
10/23/2023,15.9,16.34,15.21,16.2,55967200
10/20/2023,16.85,16.94,15.81,16.11,63738300
10/19/2023,17.44,17.58,16.97,17.059999,46303200
10/18/2023,17.81,18.22,17.19,17.2,44208300
10/17/2023,17,18.030001,16.91,17.84,54401300
10/16/2023,17.21,17.46,16.67,17.36,44987300
10/13/2023,18.059999,18.16,17.27,17.36,54541600
10/12/2023,17.92,18.24,17.551,17.94,57940900
10/11/2023,17.87,18.44,17.73,17.92,55745600
10/10/2023,18.059999,18.4,17.62,17.8,99971500
10/9/2023,16.25,17.83,16.22,17.61,106161200
10/6/2023,15.56,16.695,15.51,16.61,65511400
10/5/2023,15.56,15.9,15.41,15.81,49648100
10/4/2023,15.46,15.85,15.16,15.73,52786200
10/3/2023,15.61,15.77,14.82,14.9,51578100
10/2/2023,16.030001,16.44,15.77,15.88,41043900
9/29/2023,16.11,16.81,15.96,16,77919600
9/28/2023,15.14,15.96,14.825,15.77,66590800
9/27/2023,14.2,14.96,14.16,14.85,62780600
9/26/2023,13.95,14.17,13.88,13.96,37276200
9/25/2023,14,14.24,13.82,14.22,39693900
9/22/2023,14.23,14.415,14.03,14.13,47714500
9/21/2023,14.34,14.599,13.68,14,72831500
9/20/2023,15.25,15.425,14.733,14.74,37640500
9/19/2023,15.34,15.519,14.95,15.15,37804800
9/18/2023,15.18,15.63,15.07,15.46,37404100
9/15/2023,15.77,15.9,15.17,15.33,56161900
9/14/2023,15.69,16.040001,15.47,15.83,38572500
9/13/2023,15.63,15.85,15.42,15.6,34354400
9/12/2023,15.46,16.15,15.43,15.59,39497900
9/11/2023,15.41,16.1,15.36,15.79,55294700
9/8/2023,15.12,15.61,15.085,15.13,33862000
9/7/2023,14.88,15.24,14.29,15.21,51798800
9/6/2023,15.17,15.62,15.08,15.3,38738100
9/5/2023,15.08,15.42,14.9,15.21,33818400
9/1/2023,15.16,15.365,14.83,15.18,45107800
8/31/2023,15.6,15.85,14.65,14.98,101517200
8/30/2023,15.46,16.35,15.33,16.33,65674100
8/29/2023,14.6,15.63,14.5,15.4,47213200
8/28/2023,14.69,14.88,14.5,14.64,35964700
8/25/2023,14.14,14.65,14.01,14.53,55668900
8/24/2023,15.7,15.71,13.875,14.14,93586200
8/23/2023,14.5,15.47,14.42,15.3,53523300
8/22/2023,14.76,15.13,14.63,14.67,52106900
8/21/2023,14.42,14.78,14.34,14.5,43206200
8/18/2023,13.88,14.6,13.68,14.4,70047000
8/17/2023,15.39,15.437,14.035,14.15,91086700
8/16/2023,15.21,15.725,15.12,15.45,40394600
8/15/2023,15.61,15.87,15.29,15.37,44000400
8/14/2023,15.2,15.74,14.95,15.72,47511400
8/11/2023,15.05,15.58,14.91,15.41,56489900
8/10/2023,15.44,15.87,15.25,15.41,73129100
8/9/2023,16.76,16.92,15.1,15.25,126230400
8/8/2023,17.49,17.49,16.1,17.040001,143014200
8/7/2023,18.25,18.39,17.01,17.99,133808400
8/4/2023,18.874,19.08,18.08,18.2,71979800
8/3/2023,18.63,19.3,18.61,18.71,54345900
8/2/2023,19.26,19.62,18.15,18.97,98215800
8/1/2023,19.46,20.24,19.23,19.99,99336200
7/31/2023,18.82,19.995,18.38,19.84,142173800
7/28/2023,17.21,17.97,16.74,17.81,106125600
7/27/2023,16.8,17.19,16,16.15,50685200
7/26/2023,16.4,16.69,16.13,16.43,35804800
7/25/2023,16.35,16.86,16.35,16.55,36612900
7/24/2023,16.61,16.69,16.12,16.32,36133600
7/21/2023,17.47,17.49,16,16.43,63260300
7/20/2023,17.54,18,16.98,17.13,62711600
7/19/2023,18.02,18.995,17.76,18.049999,89044600
7/18/2023,17.88,18.13,17.19,18.08,87365700
7/17/2023,16.42,17.59,16.32,17.4,63505000
7/14/2023,16.76,17,16.27,16.4,45018700
7/13/2023,16.7,17.26,16.631,16.74,58397800
7/12/2023,16.78,16.94,16.41,16.59,50079400
7/11/2023,16.47,16.93,16.15,16.49,63236600
7/10/2023,15.37,16.33,14.945,16.3,62823600
7/7/2023,15.23,15.9,15.19,15.34,48109800
7/6/2023,15.32,15.383,14.62,15.13,56534000
7/5/2023,15.425,15.77,15.23,15.7,39179900
7/3/2023,15.49,15.59,15.19,15.52,26037400
6/30/2023,15.48,15.8,15.23,15.33,42081000
6/29/2023,15.4,15.57,15.06,15.2,46300900
6/28/2023,14.53,15.43,14.465,15.28,66001000
6/27/2023,14.22,14.76,13.96,14.61,55410500
6/26/2023,13.87,14.42,13.83,13.94,50679900
6/23/2023,13.64,14.14,13.56,14.03,74640600
6/22/2023,14.3,14.44,13.86,14.05,103461000
6/21/2023,15.66,15.755,14.37,14.64,97885000
6/20/2023,15.99,16.89,15.58,15.79,81335000
6/16/2023,16.87,16.91,16.01,16.3,90473900
6/15/2023,15.66,16.79,15.49,16.6,91200900
6/14/2023,15.93,16.19,15.44,15.91,70871900
6/13/2023,16.18,16.27,15.163,16,112765900
6/12/2023,15.44,16.030001,15.33,15.65,89900400
6/9/2023,15.36,15.98,14.82,15.02,93983400
6/8/2023,14.44,15.59,14.39,15.19,115591600
6/7/2023,16.01,17.16,14.52,14.69,227244100
6/6/2023,15.3,15.58,14.92,15.46,74284300
6/5/2023,14.365,15.7,14.365,15.24,109017800
6/2/2023,14.65,15.03,14.16,14.52,79328400
6/1/2023,14.46,15.22,14.2,14.54,126015100
5/31/2023,14.19,14.79,13.82,14.71,130392200
5/30/2023,14.44,15.0050001,14.24,14.71,159089300
5/26/2023,12.84,14.195,12.82,13.65,127311200
5/25/2023,13.18,13.22,12.34,12.84,106557800
5/24/2023,12.05,12.43,11.82,12.23,90496900
5/23/2023,11.95,13.42,11.87,12.64,148701800
5/22/2023,11.62,12.105,11.39,11.84,76377100
5/19/2023,11.97,12.41,11.52,11.71,148321300
5/18/2023,10.46,11.81,10.39,11.74,171402300
5/17/2023,9.54,10.285,9.46,10.25,63834500
5/16/2023,9.4,9.63,9.35,9.47,42311900
5/15/2023,9.21,9.6,9.02,9.52,53555500
5/12/2023,9.86,10.01,9.47,9.5,62031700
5/11/2023,10.14,10.159,9.71,9.88,73754100
5/10/2023,9.73,10.3,9.46,9.94,149375000
5/9/2023,9.22,9.69,8.655,9.55,223573300
5/8/2023,7.64,7.855,7.59,7.74,105304000
5/5/2023,7.44,7.55,7.32,7.41,45601300
5/4/2023,7.47,7.52,7.28,7.38,29989300
5/3/2023,7.62,7.68,7.45,7.56,24322400
5/2/2023,7.72,7.91,7.43,7.59,38008000
5/1/2023,7.75,7.82,7.66,7.78,19134200
4/28/2023,7.77,8,7.62,7.75,24924400
4/27/2023,7.83,7.91,7.72,7.82,21385500
4/26/2023,7.87,7.91,7.65,7.74,21396700
4/25/2023,8,8.02,7.73,7.74,21849100
4/24/2023,8.16,8.25,7.94,8.1,20439300
4/21/2023,8.14,8.22,8.09,8.18,14880900
4/20/2023,8.29,8.5,8.13,8.15,23573000
4/19/2023,8.58,8.658,8.48,8.49,18193700
4/18/2023,8.93,9.02,8.72,8.73,21185300
4/17/2023,8.81,9.04,8.78,8.8,26047500
4/14/2023,8.53,8.91,8.47,8.81,42294100
4/13/2023,8.5,8.7,8.43,8.58,27983300
4/12/2023,8.75,8.775,8.3,8.33,28771300
4/11/2023,8.35,8.79,8.34,8.61,35617900
4/10/2023,8,8.44,7.9,8.39,29184700
4/6/2023,7.88,8.14,7.79,8.09,23488600
4/5/2023,8.63,8.65,7.84,7.98,54946900
4/4/2023,8.53,8.54,8.23,8.35,23961200
4/3/2023,8.37,8.53,8.21,8.38,22512000
3/31/2023,8.15,8.48,8.08,8.45,26112000
3/30/2023,8.33,8.38,8.05,8.15,21001600
3/29/2023,8.09,8.25,8.051,8.22,15339700
3/28/2023,8.06,8.12,7.97,8,14860500
3/27/2023,8.15,8.32,7.94,8.04,20666800
3/24/2023,8.29,8.35,8.06,8.2,17939800
3/23/2023,8.32,8.56,8.16,8.33,22662200
3/22/2023,8.44,8.62,8.2,8.21,34151000
3/21/2023,8.2,8.51,8.17,8.45,27104500
3/20/2023,7.765,8.095,7.72,8.08,25497400
3/17/2023,7.93,8.03,7.84,7.88,20885600
3/16/2023,8.01,8.08,7.86,7.98,20255400
3/15/2023,7.81,7.99,7.7,7.9,28217400
3/14/2023,8.05,8.14,7.78,7.89,33460100
3/13/2023,7.29,8.15,7.19,7.87,63183500
3/10/2023,7.59,7.68,7.28,7.35,41841600
3/9/2023,8.07,8.26,7.68,7.69,29005900
3/8/2023,8.36,8.58,8.06,8.13,38723600
3/7/2023,8.275,8.425,8.19,8.28,26819600
3/6/2023,8.34,8.45,8.2,8.28,28316200
3/3/2023,8,8.5,8,8.33,43109700
3/2/2023,7.59,8.03,7.56,7.97,36538700
3/1/2023,7.83,7.91,7.69,7.69,27939100
2/28/2023,7.96,8.097,7.8,7.84,32937000
2/27/2023,8.12,8.23,7.96,8.03,35270000
2/24/2023,7.94,8.2,7.87,8.09,41518600
2/23/2023,8.42,8.48,7.91,8.17,60015500
2/22/2023,8.48,8.625,8.16,8.36,55346000
2/21/2023,9.01,9.1,8.4,8.47,65226600
2/17/2023,9.57,9.71,9.085,9.2,61981300
2/16/2023,9.65,10.31,9.6,9.71,88638800
2/15/2023,9.16,10.23,9.11,10.11,153514500
2/14/2023,8.59,9.295,8.23,9.22,216055200
2/13/2023,7.58,7.775,7.45,7.61,87397100
2/10/2023,7.79,7.86,7.46,7.51,42984200
2/9/2023,8.34,8.43,7.94,7.95,33366700
2/8/2023,8.25,8.57,8.17,8.22,35105500
2/7/2023,8.33,8.41,8.06,8.33,42201800
2/6/2023,8.31,8.535,8.24,8.31,38845500
2/3/2023,8.54,8.9,8.373,8.41,64723400
2/2/2023,8.51,9.21,8.47,8.99,71889700
2/1/2023,7.73,8.22,7.68,8.2,50123700
1/31/2023,7.41,7.82,7.38,7.78,40984000
1/30/2023,7.5,7.61,7.36,7.37,28567800
1/27/2023,7.19,7.73,7.14,7.55,37500000
1/26/2023,7.37,7.45,7.04,7.24,28005600
1/25/2023,6.92,7.27,6.69,7.22,37147900
1/24/2023,8.76,8.76,5.84,7.02,22649700
1/23/2023,7.03,7.41,6.991,7.38,31633300
1/20/2023,6.76,7.06,6.72,7.02,28701900
1/19/2023,6.8,6.895,6.67,6.73,24841700
1/18/2023,7.155,7.3,6.88,6.9,32743400
1/17/2023,6.99,7.15,6.73,7.07,30910300
1/13/2023,6.84,7.01,6.81,6.96,20949600
1/12/2023,7.01,7.05,6.78,7.01,30152500
1/11/2023,6.84,6.99,6.76,6.98,25936700
1/10/2023,6.5,6.72,6.49,6.7,28236600
1/9/2023,6.49,6.67,6.4,6.5,31028900
1/6/2023,6.4,6.45,6.09,6.4,30574900
1/5/2023,6.45,6.49,6.25,6.32,34186000
1/4/2023,6.48,6.675,6.37,6.58,31660500
1/3/2023,6.58,6.64,6.275,6.39,29969900
12/30/2022,6.19,6.42,6.19,6.42,27608500
12/29/2022,6.1,6.525,6.1,6.4,42694200
12/28/2022,5.98,6.17,5.95,6.07,30096800
12/27/2022,6.15,6.22,5.92,6,34573300
12/23/2022,6.27,6.3,6.07,6.29,20419000
12/22/2022,6.37,6.38,6.18,6.32,28066000
12/21/2022,6.24,6.52,6.04,6.5,34408600
12/20/2022,6.29,6.54,6.2,6.31,30215600
12/19/2022,6.8,6.83,6.32,6.35,41511600
12/16/2022,7.02,7.08,6.76,6.9,32616200
12/15/2022,7.17,7.298,7.01,7.01,25417100
12/14/2022,7.5,7.6,7.265,7.35,22653800
12/13/2022,7.73,7.97,7.49,7.5,41033800
12/12/2022,7.11,7.31,7.09,7.29,22672400
12/9/2022,7.06,7.19,7.03,7.11,23346000
12/8/2022,7.1,7.27,6.94,7.12,23107700
12/7/2022,7.08,7.35,7.02,7.07,28351600
12/6/2022,7.19,7.195,6.88,6.99,32868100
12/5/2022,7.62,7.695,7.105,7.19,32158200
12/2/2022,7.615,7.76,7.5,7.66,18740700
12/1/2022,7.51,7.88,7.47,7.86,34424400
11/30/2022,7.14,7.51,7.033,7.5,32745700
11/29/2022,7.2,7.3,7.05,7.08,22150800
11/28/2022,7.23,7.4,7.15,7.16,19438000
11/25/2022,7.32,7.339,7.19,7.28,10824400
11/23/2022,7.25,7.42,7.12,7.37,24182900
11/22/2022,7.18,7.25,6.98,7.22,27327800
11/21/2022,7.31,7.32,7.07,7.19,36605600
11/18/2022,7.76,7.79,7.31,7.39,27204400
11/17/2022,7.83,7.88,7.525,7.62,33746500
11/16/2022,8.18,8.24,8,8.06,28436000
11/15/2022,8.45,8.47,8.155,8.34,34454100
11/14/2022,8.18,8.32,7.953,8.1,37402700
11/11/2022,7.48,8.42,7.375,8.41,55292000
11/10/2022,7.46,7.97,7.43,7.64,58579800
11/9/2022,7.12,7.185,6.95,6.98,42517300
11/8/2022,7.08,7.42,6.91,7.21,56353900
11/7/2022,7.78,7.85,6.89,7.02,99332800
11/4/2022,8.19,8.2,7.65,7.93,64257800
11/3/2022,8.07,8.3,7.87,8.08,36419500
11/2/2022,8.7,8.76,8.2,8.22,36042600
11/1/2022,8.99,9.06,8.56,8.65,29800000
10/31/2022,8.59,8.83,8.43,8.79,31376100
10/28/2022,8.55,8.66,8.365,8.64,20697400
10/27/2022,8.68,8.78,8.46,8.6,28940800
10/26/2022,8.48,9.05,8.39,8.57,33530900
10/25/2022,8.36,8.66,8.36,8.66,31001500
10/24/2022,8.3,8.3,8.01,8.27,28062200
10/21/2022,7.93,8.32,7.81,8.29,30667500
10/20/2022,7.73,8.26,7.73,8.04,26689500
10/19/2022,8.06,8.125,7.845,7.91,26594000
10/18/2022,8.15,8.33,8.04,8.16,37120400
10/17/2022,7.71,8.06,7.69,7.94,31751700
10/14/2022,8.23,8.31,7.53,7.53,37430100
10/13/2022,7.74,8.2,7.565,8.08,36040900
10/12/2022,8.06,8.1,7.82,8.07,30201600
10/11/2022,7.99,8.295,7.7,8.04,40775800
10/10/2022,8.17,8.18,7.88,8.06,26923300
10/7/2022,8.26,8.28,8.11,8.15,29453700
10/6/2022,8.4,8.6,8.315,8.47,27653400
10/5/2022,8.26,8.485,8.075,8.42,37790200
10/4/2022,8.48,8.61,8.34,8.46,36313300
10/3/2022,8.145,8.3,7.97,8.24,35524000
9/30/2022,8.01,8.5,7.971,8.13,47328100
9/29/2022,8.05,8.33,7.78,8.08,57845800
9/28/2022,7.63,8,7.62,7.94,31955900
9/27/2022,7.69,7.835,7.46,7.63,31794700
9/26/2022,7.35,7.83,7.35,7.53,45429800
9/23/2022,7.2,7.42,7.13,7.4,34170300
9/22/2022,7.74,7.74,7.24,7.37,49138300
9/21/2022,7.72,8.07,7.655,7.69,36814500
9/20/2022,7.78,7.915,7.6,7.62,30349600
9/19/2022,7.64,7.86,7.58,7.86,29238800
9/16/2022,7.75,7.93,7.64,7.78,42065600
9/15/2022,7.47,8.1,7.45,8.01,51700600
9/14/2022,7.45,7.63,7.33,7.63,29422500
9/13/2022,7.63,7.66,7.45,7.48,29770700
9/12/2022,7.86,8.03,7.82,8.01,30544800
9/9/2022,7.68,7.82,7.64,7.79,27822300
9/8/2022,7.33,7.53,7.27,7.53,26303600
9/7/2022,7.27,7.43,7.18,7.39,30330000
9/6/2022,7.45,7.46,7.17,7.28,30429400
9/2/2022,7.67,7.67,7.35,7.4,25920500
9/1/2022,7.61,7.62,7.22,7.49,39079700
8/31/2022,7.95,8,7.7,7.72,28691500
8/30/2022,7.93,7.975,7.68,7.79,27189200
8/29/2022,7.82,7.998,7.76,7.81,28566200
8/26/2022,8.42,8.43,7.93,7.94,34150400
8/25/2022,8.22,8.43,8.05,8.42,25635600
8/24/2022,8.04,8.36,7.98,8.1,26576400
8/23/2022,8.1,8.28,8,8.01,25658500
8/22/2022,8.32,8.4,8.06,8.07,37824900
8/19/2022,9,9.01,8.48,8.51,40392100
8/18/2022,9.42,9.47,9.12,9.15,26365600
8/17/2022,9.56,9.619,9.33,9.43,33933600
8/16/2022,9.85,9.88,9.36,9.74,40603900
8/15/2022,9.82,10.1,9.76,9.91,33263400
8/12/2022,9.55,9.97,9.42,9.91,30495100
8/11/2022,9.76,10.05,9.4,9.42,44790900
8/10/2022,9.51,9.66,9.32,9.59,46054900
8/9/2022,9.54,9.57,9.01,9.25,58788900
8/8/2022,9.77,10.4,9.71,9.82,125272600
8/5/2022,11.01,11.62,10.85,11.45,50139100
8/4/2022,11.19,11.41,11.03,11.32,32093400
8/3/2022,11.08,11.34,11.04,11.2,35796500
8/2/2022,10.32,11.23,10.26,10.92,40958800
8/1/2022,10.25,10.7,10.122,10.47,31694700
7/29/2022,10.01,10.35,9.92,10.35,31058100
7/28/2022,10.03,10.2,9.74,10.13,27172900
7/27/2022,9.67,10.03,9.5,10.02,29810900
7/26/2022,9.66,9.66,9.38,9.4,21997800
7/25/2022,9.83,9.85,9.52,9.68,21485000
7/22/2022,10.35,10.57,9.73,9.84,38889900
7/21/2022,10.37,10.76,10.22,10.49,51691200
7/20/2022,9.44,10.2,9.44,10.11,40845200
7/19/2022,9.15,9.37,8.89,9.34,29033800
7/18/2022,9.25,9.45,9.0050001,9.03,32428400
7/15/2022,9.01,9.12,8.65,9.04,34887900
7/14/2022,9.23,9.28,8.85,8.9,26702100
7/13/2022,9.22,9.55,9.05,9.28,32461300
7/12/2022,9.66,9.96,9.27,9.49,42765800
7/11/2022,9.98,9.994,9.53,9.56,34015100
7/8/2022,9.92,10.38,9.83,10.17,36693200
7/7/2022,9.76,10.28,9.75,10.18,35672500
7/6/2022,10.01,10.31,9.74,9.8,54604300
7/5/2022,9.14,10.1,9,10.07,55854800
7/1/2022,9.11,9.43,9.031,9.27,33483300
6/30/2022,9.02,9.19,8.72,9.07,33636400
6/29/2022,9.35,9.42,9.07,9.23,40408700
6/28/2022,9.57,9.88,9.19,9.31,45589000
6/27/2022,10.15,10.16,9.51,9.62,44768000
6/24/2022,9.53,10.2,9.48,10.19,67740700
6/23/2022,9.02,9.5,8.84,9.46,44618000
6/22/2022,8.52,9.285,8.45,9.01,43430600
6/21/2022,8.59,9.05,8.56,8.71,48887600
6/17/2022,7.7,8.33,7.69,8.24,45493900
6/16/2022,7.84,7.985,7.58,7.67,36793500
6/15/2022,7.92,8.3,7.815,8.12,38235300
6/14/2022,7.735,7.98,7.585,7.82,30564100
6/13/2022,7.99,8,7.5,7.64,40943000
6/10/2022,8.48,8.58,8.14,8.26,30225800
6/9/2022,9.13,9.16,8.67,8.68,30527400
6/8/2022,9.18,9.42,9.09,9.18,29056300
6/7/2022,8.89,9.14,8.73,9.13,28049400
6/6/2022,9.11,9.21,8.78,8.98,35101100
6/3/2022,9.04,9.25,8.86,8.94,36585800
6/2/2022,8.54,9.39,8.461,9.3,41347000
6/1/2022,8.72,8.979,8.38,8.46,34438100
5/31/2022,8.97,9.1,8.56,8.68,41672300
5/27/2022,8.5,8.85,8.434,8.85,37064000
5/26/2022,7.84,8.4,7.77,8.36,39738900
5/25/2022,7.52,8.018,7.51,7.96,35068900
5/24/2022,7.98,7.99,7.37,7.55,47218700
5/23/2022,8.01,8.17,7.8,8.01,27755200
5/20/2022,8.26,8.4,7.71,8.08,40879100
5/19/2022,7.97,8.581,7.945,8.31,35780900
5/18/2022,8.21,8.43,7.92,8.01,29304600
5/17/2022,8.1,8.46,8.01,8.36,38620800
5/16/2022,8.17,8.43,8.01,8.04,46153200
5/13/2022,7.52,8.35,7.52,8.34,69242700
5/12/2022,6.55,7.38,6.44,7.34,82147300
5/11/2022,7.28,7.54,6.66,6.71,72894900
5/10/2022,7.56,7.703,6.93,7.29,86932400
5/9/2022,7.78,7.85,7.32,7.46,170871700
5/6/2022,10,10.05,9.42,9.48,69691300
5/5/2022,10.8,10.8,9.98,10.12,40523600
5/4/2022,10.53,11.01,10.08,10.98,43239900
5/3/2022,10.69,10.98,10.44,10.55,31372700
5/2/2022,10.38,10.755,10.18,10.74,41193800
4/29/2022,10.9,11.23,10.36,10.4,30937500
4/28/2022,10.69,11.045,10.37,10.95,40074500
4/27/2022,11.01,11.195,10.53,10.56,54508500
4/26/2022,11.94,12.05,11.1,11.12,38666500
4/25/2022,11.83,12.16,11.68,12.11,31727600
4/22/2022,12.33,12.73,11.86,11.96,30386100
4/21/2022,13.02,13.33,12.225,12.33,32009000
4/20/2022,13.08,13.17,12.74,12.79,31528600
4/19/2022,12.08,13.02,12.07,12.91,31753900
4/18/2022,12.35,12.415,11.88,12.15,25395600
4/14/2022,12.92,12.92,12.41,12.42,23284100
4/13/2022,12.35,12.94,12.231,12.9,21152900
4/12/2022,12.88,13.2,12.425,12.46,26226500
4/11/2022,12.45,12.82,12.13,12.66,26095800
4/8/2022,12.7,13.05,12.57,12.7,24962500
4/7/2022,12.95,13.34,12.48,12.84,34727400
4/6/2022,13.52,13.54,12.85,13,40647700
4/5/2022,14.61,14.86,13.795,13.89,37677300
4/4/2022,14.03,14.66,14.02,14.63,40066800
4/1/2022,13.77,14.065,13.5,13.83,23831600
3/31/2022,13.9,14.06,13.63,13.73,22840000
3/30/2022,14.04,14.36,13.74,13.88,32164000
3/29/2022,13.65,14.28,13.35,14.2,46433700
3/28/2022,13.01,13.44,12.855,13.42,27152000
3/25/2022,13.36,13.395,12.71,12.97,24796900
3/24/2022,13.25,13.42,12.83,13.39,29535300
3/23/2022,13.16,13.55,13.02,13.18,33699400
3/22/2022,12.52,13.48,12.52,13.27,46210700
3/21/2022,12.72,13.05,12.42,12.59,39410900
3/18/2022,12.28,13.02,12.215,12.82,59125500
3/17/2022,11.72,12.37,11.66,12.32,43948900
3/16/2022,10.95,11.82,10.94,11.79,62746600
3/15/2022,10.47,10.85,10.27,10.77,40451200
3/14/2022,11.17,11.41,10.41,10.5,49762600
3/11/2022,11.86,12.0050001,11.37,11.39,37817400
3/10/2022,11.38,11.97,11.32,11.87,52295400
3/9/2022,11.41,12.02,11.27,11.65,43591400
3/8/2022,10.93,11.39,10.719,11.04,49279600
3/7/2022,11.43,11.75,11.1,11.11,63070600
3/4/2022,11.7,11.77,10.74,10.96,43502200
3/3/2022,12.01,12.055,11.235,11.34,46172000
3/2/2022,12.21,12.21,11.42,12.06,56698300
3/1/2022,11.99,12.52,11.71,12.18,64867200
2/28/2022,11.96,12.18,11.39,11.85,75390500
2/25/2022,11.59,11.89,11,11.47,75433700
2/24/2022,9.75,11.87,9.74,11.83,118793000
2/23/2022,10.83,11.26,10.4,10.43,93964500
2/22/2022,10.7,11.185,10.3,10.48,104501500
2/18/2022,11.92,12.01,10.57,11.02,137808100
2/17/2022,12.39,12.7,11.7,11.77,151385400
2/16/2022,13.91,14.26,13.66,13.97,58624400
2/15/2022,13.52,14.185,13.41,14.17,48523700
2/14/2022,13.1,13.795,12.98,13.26,40617900
2/11/2022,13.45,13.92,12.97,13.13,41831600
2/10/2022,13.5,14.165,13.37,13.56,41998200
2/9/2022,13.29,13.89,13.26,13.87,34451900
2/8/2022,12.75,13.189,12.62,13.15,30317100
2/7/2022,13.025,13.6,12.94,12.98,45646100
2/4/2022,12.47,13.09,12.265,12.94,38989200
2/3/2022,12.95,13.32,12.42,12.45,47236900
2/2/2022,14.09,14.2,13.19,13.32,47204300
2/1/2022,14.23,14.37,13.56,14.2,69012900
1/31/2022,12.77,13.74,12.76,13.71,51039300
1/28/2022,12.3,12.88,11.89,12.71,54887500
1/27/2022,13.01,13.06,12.2,12.28,52622900
1/26/2022,13.6,13.82,12.68,12.75,69949700
1/25/2022,13.12,13.6,12.83,13.06,47456600
1/24/2022,12.79,13.41,11.75,13.4,110518900
1/21/2022,14.25,14.478,13.5,13.53,73031300
1/20/2022,14.89,15.55,14.57,14.62,44690400
1/19/2022,14.9,15.25,14.54,14.56,48049100
1/18/2022,15.45,15.75,14.92,14.97,49067700
1/14/2022,15.94,16.249,15.62,16.01,35624900
1/13/2022,16.8,16.82,15.94,16.01,35492200
1/12/2022,17.16,17.46,16.4,16.72,39784200
1/11/2022,16.4,17.25,16.32,16.89,47442600
1/10/2022,16.19,16.57,15.35,16.5,77649400
1/7/2022,16.7,17.33,16.475,16.56,37989300
1/6/2022,16.87,17.18,16.055,16.74,49737100
1/5/2022,18.030001,18.568,16.87,16.96,58445900
1/4/2022,18.61,18.84,17.79,18.17,39643200
1/3/2022,18.36,18.569,17.86,18.53,34283600
12/31/2021,18.61,18.92,18.21,18.21,23556000
12/30/2021,18.1,18.995,18.07,18.69,29285200
12/29/2021,18.53,18.6,17.91,18.17,28217500
12/28/2021,18.89,19.07,18.44,18.57,20518800
12/27/2021,18.78,19.25,18.78,18.94,21782000
12/23/2021,18.85,19.135,18.72,18.93,24758300
12/22/2021,18.65,19.45,18.65,18.88,33894200
12/21/2021,18.16,18.98,18.1,18.9,33878600
12/20/2021,18.59,18.67,17.835,17.96,42265900
12/17/2021,18.030001,19.1,17.81,19.059999,44495200
12/16/2021,18.96,19.12,18.15,18.34,33950000
12/15/2021,18.37,18.94,17.995,18.86,39361900
12/14/2021,18,18.859,17.91,18.64,38864800
12/13/2021,18.8,19.075001,18.17,18.4,38376000
12/10/2021,19.28,19.58,18.7,18.94,27594500
12/9/2021,19.95,20.15,19.040001,19.21,30354700
12/8/2021,19.51,19.825,19.030001,19.82,28425900
12/7/2021,19.26,19.855,19.07,19.46,35129000
12/6/2021,18.54,18.97,18.075001,18.8,56459800
12/3/2021,19.5,19.53,18.4,18.98,56039600
12/2/2021,19.3,19.91,19.059999,19.69,45802900
12/1/2021,20.53,20.89,19.29,19.38,48283700
11/30/2021,20.95,21.25,20.11,20.65,38196400
11/29/2021,21.19,21.4,20.56,21.07,29114000
11/26/2021,20.41,21.09,20.349,21.030001,20691200
11/24/2021,20.35,21.2,20.059999,21.11,35233900
11/23/2021,20.59,21.049999,20.049999,20.59,44588000
11/22/2021,21.53,21.57,20.18,20.65,59899100
11/19/2021,21.6,21.96,21.3,21.41,30013100
11/18/2021,22.5,22.55,21.342,21.5,51039900
11/17/2021,23.049999,23.219,22.4,22.49,27994100
11/16/2021,23.29,23.29,22.61,23.13,31574800
11/15/2021,23,23.52,22.95,23.41,33225700
11/12/2021,23.02,23.225,22.38,22.83,53516200
11/11/2021,23.040001,23.13,22.665,22.99,43381500
11/10/2021,23.6,23.64,22.12,22.52,94860100
11/9/2021,25.9,25.98,23.95,24.25,117540200
11/8/2021,26.25,27.11,26.12,26.75,41359600
11/5/2021,26.45,26.63,25.72,26,26005000
11/4/2021,26.26,26.57,25.87,26.47,25029700
11/3/2021,25.89,26.235,25.17,26.12,25244200
11/2/2021,26.56,26.72,25.555,25.92,30794600
11/1/2021,26.11,26.645,25.883,26.56,26684700
10/29/2021,25.5,26.12,25.45,25.88,21910300
10/28/2021,25.3,25.795,25.12,25.64,21203000
10/27/2021,25.64,25.9,25.02,25.059999,24157200
10/26/2021,25.99,26.75,25.25,25.52,56767000
10/25/2021,24.5,25.54,24.48,25.41,33962100
10/22/2021,24.49,24.85,24.25,24.43,20166800
10/21/2021,24.13,24.93,24.08,24.78,23976600
10/20/2021,24.79,24.96,24.17,24.22,24248000
10/19/2021,24.5,25.2,24.36,24.69,29393900
10/18/2021,24,24.39,23.92,24.26,25609900
10/15/2021,24.5,24.52,23.83,24,24366100
10/14/2021,24.43,24.71,24.205,24.35,26106700
10/13/2021,23.83,24.31,23.79,24.13,28494000
10/12/2021,23.55,23.81,23.29,23.69,26280000
10/11/2021,23.26,23.98,23.26,23.53,23971700
10/8/2021,23.86,24.096001,23.11,23.5,39713400
10/7/2021,23.71,24.13,23.54,23.73,38873700
10/6/2021,24.91,25.01,23.35,23.58,125175700
10/5/2021,23.21,23.88,23.07,23.21,56574800
10/4/2021,24.01,24.049999,23.02,23.17,46789700
10/1/2021,24.21,24.36,23.72,24.33,32778000
9/30/2021,24.69,25.049999,23.88,24.040001,59505600
9/29/2021,25.61,25.7,24.42,24.52,46164500
9/28/2021,27.02,27.13,25.21,25.34,64206200
9/27/2021,28.23,28.38,27.23,27.47,44102800
9/24/2021,28.27,28.76,27.901,28.56,40309700
9/23/2021,27.71,29.19,27.67,28.77,60028600
9/22/2021,26.61,27.77,26.582,27.43,44308100
9/21/2021,26.89,27.149,26.08,26.62,50933600
9/20/2021,27.57,28.1,26.059999,26.55,89413500
9/17/2021,28.66,29.29,28.07,28.71,182052600
9/16/2021,27.2,28.79,27.02,28.63,109992000
9/15/2021,26.3,27.15,26.030001,27.08,49555500
9/14/2021,25.97,26.7,25.9,26.26,34569000
9/13/2021,26.15,26.239,25.030001,25.83,42372300
9/10/2021,26.18,26.73,26.17,26.28,37307800
9/9/2021,25.39,26.24,25.29,26.13,34190800
9/8/2021,26.6,26.61,24.96,25.58,54394400
9/7/2021,26.79,26.88,26.27,26.7,35835100
9/3/2021,26.49,26.75,26.22,26.64,26609500
9/2/2021,26.21,26.87,26.09,26.51,38460100
9/1/2021,26.46,26.51,26.030001,26.2,34417200
8/31/2021,25.79,26.36,25.66,26.34,93168600
8/30/2021,25.74,26.6,25.62,25.76,44139300
8/27/2021,25.049999,26.09,24.91,25.71,52268500
8/26/2021,24.4,25.41,24.36,24.87,46179400
8/25/2021,25.12,25.19,24.07,24.35,54678500
8/24/2021,25,25.35,24.76,25.1,37227400
8/23/2021,24.02,24.93,23.9,24.82,35705300
8/20/2021,24.22,24.48,23.66,24.01,52062300
8/19/2021,25.01,25.64,24.14,24.16,67605600
8/18/2021,24.07,25.94,23.68,25.28,92065600
8/17/2021,23.9,24.59,23.74,23.97,35348300
8/16/2021,24.9,24.9,23.77,24.5,45907300
8/13/2021,25,25.1,24.31,24.9,52395100
8/12/2021,24.45,25.76,23.585,24.89,189287200
8/11/2021,23.07,23.19,22.09,22.35,34679000
8/10/2021,23.01,23.52,22.78,22.92,25947900
8/9/2021,21.85,23.28,21.8,22.93,35611100
8/6/2021,22.64,22.69,21.79,21.82,24200700
8/5/2021,22.22,22.77,22.02,22.52,18575200
8/4/2021,22.2,22.54,22.07,22.3,15537400
8/3/2021,22.030001,22.27,21.71,22.24,17040100
8/2/2021,21.91,22.37,21.48,22.1,21372900
7/30/2021,21.85,22.406,21.71,21.71,15889200
7/29/2021,22.78,22.85,22.14,22.18,19219100
7/28/2021,21.75,22.615,21.69,22.56,25073600
7/27/2021,21.96,22.11,21.09,21.68,23078700
7/26/2021,21.8,22.3,21.48,22.13,16267900
7/23/2021,22.01,22.08,21.51,21.81,17653300
7/22/2021,22.55,22.67,21.88,22.07,17468900
7/21/2021,22.27,22.68,22.12,22.52,20437300
7/20/2021,21.63,22.35,21.22,22.18,22954000
7/19/2021,20.97,21.69,20.55,21.54,30314400
7/16/2021,21.6,21.71,21.24,21.37,19503100
7/15/2021,21.72,22.055,21.01,21.47,31871000
7/14/2021,22.49,22.62,21.51,21.56,33796200
7/13/2021,22.98,22.99,22.42,22.45,24748800
7/12/2021,23.26,23.495,22.88,22.95,23457200
7/9/2021,22.96,23.39,22.76,23.29,22492400
7/8/2021,22.43,23.21,22.25,23.08,34612600
7/7/2021,24.23,24.26,22.72,22.89,66937300
7/6/2021,24.6,25.2,24.47,24.68,28764500
7/2/2021,25,25.34,24.33,24.44,29389500
7/1/2021,26.1,26.13,24.59,24.72,55429800
6/30/2021,26.48,26.92,26.21,26.36,28957100
6/29/2021,27.38,27.44,26.44,26.63,38478900
6/28/2021,26.98,27.5,26.86,27.38,42184600
6/25/2021,26.58,27.01,26.245,26.78,140832700
6/24/2021,26.49,26.71,26.17,26.53,48419400
6/23/2021,25.46,26.35,25.34,26.27,53362200
6/22/2021,25.39,25.52,24.96,25.4,46171100
6/21/2021,25.1,25.55,24.51,25.42,54805000
6/18/2021,25.59,25.94,25.02,25.37,65852600
6/17/2021,24.68,25.46,24.55,25.45,64408400
6/16/2021,24.09,24.94,23.86,24.8,58452600
6/15/2021,25.030001,25.55,24.39,24.41,46693200
6/14/2021,24.73,25.15,24.47,25,51801500
6/11/2021,24.12,24.71,24.030001,24.67,33113100
6/10/2021,24,24.39,23.44,24.14,35482900
6/9/2021,24.45,24.74,24.17,24.17,36006200
6/8/2021,24.85,25.23,23.93,24.38,53488600
6/7/2021,24,24.76,23.79,24.46,49641000
6/4/2021,23.71,24.49,23.5,24.030001,42537600
6/3/2021,24.14,24.26,23.34,23.63,48164200
6/2/2021,23.02,24.84,22.82,24.45,86473200
6/1/2021,23.19,23.35,22.36,23.059999,52695500
5/28/2021,23,24.75,22.76,22.95,111846000
5/27/2021,22.01,22.7,21.65,22.7,76230500
5/26/2021,21.58,22.24,21.49,22.12,42958300
5/25/2021,21.42,22.11,21.28,21.48,49890800
5/24/2021,21.059999,21.52,20.675,21.22,46596800
5/21/2021,20.84,21.16,20.47,20.75,35372900
5/20/2021,20.75,20.81,20.28,20.61,46302400
5/19/2021,20.1,21.035,19.94,20.67,45314000
5/18/2021,20.52,21.62,20.26,21.24,59672400
5/17/2021,19.73,20.49,19.63,20.46,50039600
5/14/2021,18.82,20.2,18.53,20.08,79409500
5/13/2021,19.14,19.47,17.82,18.37,87811600
5/12/2021,20,20,18.51,18.89,128281500
5/11/2021,17.2,20.3,17.055,20.21,203230500
5/10/2021,19.28,19.3,18.18,18.47,104670500
5/7/2021,20.3,20.75,19.58,19.75,63725500
5/6/2021,21.02,21.02,19.41,20.09,92201100
5/5/2021,21.81,21.94,20.97,21.15,39134700
5/4/2021,21.94,22.2,20.87,21.64,63429600
5/3/2021,23.01,23.08,22.21,22.3,33934400
4/30/2021,23.18,23.55,22.84,23.040001,24717300
4/29/2021,23.87,24.14,22.81,23.37,36770100
4/28/2021,23.67,24.17,23.42,23.85,22068100
4/27/2021,24.17,24.26,23.57,23.88,27678300
4/26/2021,23.69,24.26,23.46,24.11,33667600
4/23/2021,22.89,23.55,22.74,23.41,32052800
4/22/2021,22.94,23.51,22.51,22.86,51346400
4/21/2021,21.65,22.64,21.43,22.63,42641400
4/20/2021,21.96,22.55,21.24,21.78,47123100
4/19/2021,22.15,22.33,21.53,21.94,45753900
4/16/2021,22.86,23.26,22.3,22.47,46627700
4/15/2021,24.01,24.059999,22.69,23.15,58849300
4/14/2021,25.35,26.2,23.65,23.7,108793800
