Date,Price,Open,High,Low
4/14/2026,4.271,4.28,4.289,4.266
4/13/2026,4.297,4.359,4.363,4.289
4/12/2026,4.359,4.361,4.366,4.35
4/10/2026,4.317,4.285,4.323,4.275
4/9/2026,4.293,4.291,4.321,4.26
4/8/2026,4.291,4.261,4.305,4.23
4/7/2026,4.343,4.335,4.38,4.297
4/6/2026,4.335,4.362,4.368,4.317
4/3/2026,4.346,4.329,4.362,4.291
4/2/2026,4.313,4.323,4.386,4.287
4/1/2026,4.321,4.309,4.334,4.259
3/31/2026,4.311,4.35,4.36,4.285
3/30/2026,4.342,4.416,4.424,4.324
3/27/2026,4.44,4.408,4.484,4.402
3/26/2026,4.416,4.342,4.428,4.338
3/25/2026,4.328,4.35,4.36,4.306
3/24/2026,4.392,4.338,4.427,4.334
3/23/2026,4.336,4.407,4.445,4.305
3/20/2026,4.392,4.281,4.393,4.267
3/19/2026,4.283,4.273,4.328,4.238
3/18/2026,4.257,4.206,4.271,4.169
3/17/2026,4.202,4.228,4.249,4.189
3/16/2026,4.22,4.261,4.273,4.218
3/13/2026,4.285,4.261,4.29,4.234
3/12/2026,4.273,4.247,4.277,4.21
3/11/2026,4.206,4.16,4.234,4.138
3/10/2026,4.136,4.109,4.16,4.086
3/9/2026,4.134,4.193,4.216,4.094
3/6/2026,4.132,4.136,4.187,4.105
3/5/2026,4.146,4.094,4.15,4.092
3/4/2026,4.082,4.063,4.1,4.044
3/3/2026,4.057,4.033,4.117,4.031
3/2/2026,4.052,3.932,4.067,3.926
2/27/2026,3.962,4.002,4.006,3.943
2/26/2026,4.017,4.044,4.056,4.006
2/25/2026,4.048,4.035,4.06,4.031
2/24/2026,4.033,4.035,4.048,4.023
2/23/2026,4.027,4.075,4.083,4.017
2/20/2026,4.085,4.075,4.106,4.058
2/19/2026,4.075,4.083,4.108,4.065
2/18/2026,4.081,4.058,4.088,4.048
2/17/2026,4.054,4.044,4.062,4.018
2/16/2026,4.042,4.05,4.059,4.022
2/15/2026,4.054,4.047,4.063,4.05
2/13/2026,4.056,4.098,4.127,4.046
2/12/2026,4.104,4.185,4.189,4.098
2/11/2026,4.172,4.137,4.206,4.125
2/10/2026,4.145,4.202,4.204,4.135
2/9/2026,4.198,4.224,4.25,4.196
2/6/2026,4.206,4.168,4.224,4.156
2/5/2026,4.21,4.28,4.282,4.182
2/4/2026,4.278,4.267,4.29,4.261
2/3/2026,4.273,4.275,4.299,4.264
2/2/2026,4.277,4.243,4.285,4.212
1/30/2026,4.241,4.243,4.279,4.234
1/29/2026,4.227,4.235,4.273,4.223
1/28/2026,4.251,4.239,4.273,4.227
1/27/2026,4.223,4.217,4.249,4.207
1/26/2026,4.211,4.219,4.229,4.2
1/23/2026,4.239,4.247,4.263,4.227
1/22/2026,4.251,4.241,4.277,4.233
1/21/2026,4.253,4.287,4.301,4.245
1/20/2026,4.295,4.259,4.313,4.249
1/19/2026,4.263,4.238,4.313,4.22
1/18/2026,4.224,4.215,4.227,4.208
1/16/2026,4.231,4.171,4.233,4.163
1/15/2026,4.16,4.138,4.175,4.132
1/14/2026,4.14,4.181,4.183,4.13
1/13/2026,4.171,4.175,4.201,4.156
1/12/2026,4.187,4.185,4.207,4.169
1/9/2026,4.171,4.169,4.211,4.159
1/8/2026,4.183,4.153,4.187,4.132
1/7/2026,4.138,4.171,4.171,4.124
1/6/2026,4.179,4.169,4.197,4.161
1/5/2026,4.163,4.191,4.195,4.148
1/2/2026,4.189,4.195,4.197,4.149
1/1/2026,4.175,4.177,4.182,4.173
12/31/2025,4.153,4.13,4.171,4.104
12/30/2025,4.128,4.108,4.143,4.104
12/29/2025,4.116,4.13,4.141,4.104
12/26/2025,4.134,4.137,4.153,4.11
12/25/2025,4.133,4.133,4.137,4.131
12/24/2025,4.134,4.159,4.173,4.132
12/23/2025,4.169,4.169,4.202,4.139
12/22/2025,4.171,4.153,4.174,4.153
12/19/2025,4.151,4.126,4.157,4.124
12/18/2025,4.116,4.147,4.147,4.108
12/17/2025,4.151,4.151,4.182,4.143
12/16/2025,4.149,4.17,4.198,4.141
12/15/2025,4.182,4.182,4.188,4.149
12/12/2025,4.196,4.147,4.2,4.147
12/11/2025,4.141,4.137,4.161,4.1
12/10/2025,4.164,4.186,4.209,4.137
12/9/2025,4.186,4.166,4.192,4.141
12/8/2025,4.172,4.143,4.192,4.129
12/5/2025,4.139,4.1,4.145,4.088
12/4/2025,4.108,4.073,4.114,4.073
12/3/2025,4.058,4.088,4.09,4.05
12/2/2025,4.088,4.088,4.116,4.081
12/1/2025,4.096,4.034,4.098,4.027
11/28/2025,4.019,4.008,4.036,3.961
11/27/2025,4.005,3.998,4.015,3.991
11/26/2025,3.998,4.004,4.044,3.99
11/25/2025,4.002,4.031,4.046,3.988
11/24/2025,4.036,4.059,4.069,4.027
11/21/2025,4.063,4.092,4.102,4.036
11/20/2025,4.104,4.146,4.168,4.084
11/19/2025,4.131,4.117,4.141,4.098
11/18/2025,4.121,4.146,4.148,4.084
11/17/2025,4.133,4.154,4.158,4.115
11/14/2025,4.148,4.123,4.152,4.065
11/13/2025,4.111,4.081,4.125,4.071
11/12/2025,4.067,4.069,4.095,4.056
11/11/2025,4.069,4.118,4.123,4.065
11/10/2025,4.11,4.13,4.147,4.096
11/7/2025,4.093,4.089,4.112,4.066
11/6/2025,4.093,4.155,4.157,4.077
11/5/2025,4.157,4.087,4.163,4.054
11/4/2025,4.091,4.109,4.114,4.079
11/3/2025,4.107,4.101,4.122,4.081
10/31/2025,4.101,4.099,4.116,4.076
10/30/2025,4.093,4.074,4.116,4.058
10/29/2025,4.058,3.981,4.082,3.974
10/28/2025,3.983,3.985,4.004,3.97
10/27/2025,3.997,4.024,4.043,3.981
10/24/2025,3.997,4.007,4.02,3.964
10/23/2025,3.989,3.949,4.007,3.945
10/22/2025,3.953,3.963,3.978,3.936
10/21/2025,3.963,3.982,3.991,3.947
10/20/2025,3.988,4.013,4.026,3.982
10/17/2025,4.009,3.957,4.018,3.936
10/16/2025,3.976,4.032,4.051,3.967
10/15/2025,4.045,4.032,4.047,3.999
10/14/2025,4.022,4.051,4.069,3.998
10/13/2025,4.055,4.078,4.085,4.05
10/12/2025,4.076,4.059,4.081,4.064
10/10/2025,4.051,4.136,4.14,4.032
10/9/2025,4.148,4.115,4.152,4.108
10/8/2025,4.131,4.133,4.136,4.096
10/7/2025,4.127,4.16,4.177,4.113
10/6/2025,4.162,4.146,4.168,4.133
10/3/2025,4.119,4.088,4.125,4.079
10/2/2025,4.09,4.1,4.127,4.083
10/1/2025,4.106,4.16,4.168,4.087
9/30/2025,4.15,4.143,4.16,4.106
9/29/2025,4.141,4.168,4.17,4.135
9/26/2025,4.187,4.17,4.197,4.152
9/25/2025,4.174,4.145,4.201,4.135
9/24/2025,4.147,4.104,4.152,4.098
9/23/2025,4.118,4.143,4.149,4.104
9/22/2025,4.145,4.139,4.152,4.122
9/19/2025,4.139,4.11,4.145,4.106
9/18/2025,4.104,4.081,4.137,4.043
9/17/2025,4.076,4.032,4.091,3.99
9/16/2025,4.026,4.037,4.064,4.022
9/15/2025,4.034,4.08,4.089,4.03
9/12/2025,4.06,4.03,4.083,4.026
9/11/2025,4.011,4.053,4.07,3.994
9/10/2025,4.032,4.086,4.095,4.024
9/9/2025,4.074,4.045,4.091,4.04
9/8/2025,4.046,4.095,4.103,4.038
9/5/2025,4.086,4.157,4.168,4.061
9/4/2025,4.176,4.211,4.225,4.157
9/3/2025,4.211,4.269,4.3,4.201
9/2/2025,4.277,4.256,4.306,4.244
9/1/2025,4.253,4.252,4.28,4.232
8/31/2025,4.237,4.228,4.237,4.228
8/29/2025,4.226,4.209,4.242,4.207
8/28/2025,4.207,4.234,4.25,4.203
8/27/2025,4.238,4.269,4.291,4.232
8/26/2025,4.256,4.273,4.312,4.252
8/25/2025,4.275,4.265,4.294,4.263
8/22/2025,4.258,4.328,4.339,4.242
8/21/2025,4.332,4.297,4.347,4.289
8/20/2025,4.296,4.312,4.326,4.275
8/19/2025,4.302,4.335,4.347,4.298
8/18/2025,4.339,4.32,4.353,4.289
8/15/2025,4.328,4.289,4.332,4.269
8/14/2025,4.293,4.238,4.297,4.204
8/13/2025,4.24,4.297,4.302,4.225
8/12/2025,4.293,4.287,4.318,4.246
8/11/2025,4.273,4.275,4.287,4.256
8/8/2025,4.283,4.246,4.289,4.242
8/7/2025,4.244,4.238,4.254,4.219
8/6/2025,4.218,4.216,4.283,4.212
8/5/2025,4.196,4.188,4.226,4.187
8/4/2025,4.198,4.208,4.257,4.192
8/1/2025,4.22,4.376,4.414,4.202
7/31/2025,4.36,4.368,4.382,4.326
7/30/2025,4.378,4.328,4.382,4.314
7/29/2025,4.328,4.408,4.422,4.32
7/28/2025,4.42,4.402,4.42,4.368
7/25/2025,4.386,4.392,4.43,4.382
7/24/2025,4.408,4.384,4.442,4.382
7/23/2025,4.388,4.36,4.398,4.354
7/22/2025,4.336,4.38,4.398,4.328
7/21/2025,4.37,4.427,4.427,4.352
7/18/2025,4.431,4.443,4.451,4.416
7/17/2025,4.463,4.467,4.495,4.429
7/16/2025,4.455,4.493,4.495,4.437
7/15/2025,4.489,4.429,4.493,4.396
7/14/2025,4.427,4.417,4.447,4.403
7/11/2025,4.423,4.358,4.427,4.34
7/10/2025,4.346,4.336,4.376,4.322
7/9/2025,4.342,4.401,4.423,4.334
7/8/2025,4.417,4.385,4.435,4.377
7/7/2025,4.382,4.326,4.399,4.322
7/4/2025,4.328,4.324,4.34,4.304
7/3/2025,4.346,4.271,4.364,4.249
7/2/2025,4.282,4.242,4.308,4.24
7/1/2025,4.241,4.234,4.279,4.187
6/30/2025,4.231,4.281,4.291,4.222
6/27/2025,4.274,4.246,4.293,4.24
6/26/2025,4.245,4.281,4.293,4.24
6/25/2025,4.29,4.293,4.338,4.277
6/24/2025,4.294,4.352,4.371,4.285
6/23/2025,4.341,4.375,4.407,4.291
6/20/2025,4.376,4.381,4.443,4.361
6/19/2025,4.385,4.375,4.4,4.374
6/18/2025,4.39,4.397,4.413,4.344
6/17/2025,4.386,4.438,4.446,4.381
6/16/2025,4.448,4.418,4.462,4.403
6/13/2025,4.406,4.32,4.448,4.31
6/12/2025,4.364,4.414,4.42,4.344
6/11/2025,4.419,4.472,4.506,4.406
6/10/2025,4.473,4.48,4.49,4.438
6/9/2025,4.475,4.51,4.518,4.47
6/6/2025,4.505,4.394,4.514,4.375
6/5/2025,4.389,4.359,4.402,4.318
6/4/2025,4.356,4.446,4.468,4.349
6/3/2025,4.457,4.446,4.474,4.406
6/2/2025,4.441,4.418,4.47,4.41
5/30/2025,4.397,4.426,4.442,4.387
5/29/2025,4.425,4.509,4.539,4.416
5/28/2025,4.474,4.444,4.501,4.438
5/27/2025,4.445,4.507,4.509,4.428
5/26/2025,4.511,4.546,4.563,4.506
5/25/2025,4.559,4.517,4.563,4.515
5/23/2025,4.507,4.535,4.543,4.448
5/22/2025,4.528,4.609,4.629,4.527
5/21/2025,4.595,4.481,4.607,4.473
5/20/2025,4.483,4.449,4.525,4.428
5/19/2025,4.447,4.479,4.564,4.445
5/16/2025,4.443,4.443,4.499,4.388
5/15/2025,4.431,4.544,4.55,4.43
5/14/2025,4.541,4.475,4.546,4.447
5/13/2025,4.47,4.465,4.504,4.425
5/12/2025,4.472,4.408,4.479,4.4
5/9/2025,4.381,4.378,4.398,4.343
5/8/2025,4.379,4.279,4.398,4.269
5/7/2025,4.268,4.328,4.335,4.26
5/6/2025,4.298,4.365,4.378,4.297
5/5/2025,4.348,4.322,4.371,4.289
5/2/2025,4.307,4.208,4.332,4.196
5/1/2025,4.215,4.183,4.241,4.124
4/30/2025,4.167,4.16,4.229,4.135
4/29/2025,4.171,4.214,4.247,4.164
4/28/2025,4.205,4.243,4.297,4.202
4/25/2025,4.254,4.321,4.33,4.237
4/24/2025,4.314,4.375,4.375,4.303
4/23/2025,4.384,4.372,4.399,4.259
4/22/2025,4.4,4.405,4.438,4.372
4/21/2025,4.416,4.339,4.42,4.331
4/17/2025,4.332,4.288,4.344,4.278
4/16/2025,4.28,4.335,4.352,4.263
4/15/2025,4.339,4.374,4.407,4.306
4/14/2025,4.383,4.482,4.49,4.36
4/11/2025,4.495,4.464,4.592,4.384
4/10/2025,4.424,4.312,4.431,4.26
4/9/2025,4.325,4.31,4.515,4.299
4/8/2025,4.289,4.187,4.297,4.126
4/7/2025,4.201,3.886,4.226,3.873
4/4/2025,3.999,4.044,4.049,3.86
4/3/2025,4.036,4.044,4.1,4.004
4/2/2025,4.125,4.199,4.236,4.11
4/1/2025,4.16,4.211,4.217,4.133
3/31/2025,4.21,4.217,4.259,4.184
3/28/2025,4.251,4.361,4.361,4.247
3/27/2025,4.36,4.338,4.4,4.338
3/26/2025,4.353,4.327,4.361,4.315
3/25/2025,4.316,4.335,4.369,4.298
3/24/2025,4.338,4.271,4.34,4.267
3/21/2025,4.249,4.235,4.256,4.2
3/20/2025,4.24,4.237,4.25,4.174
3/19/2025,4.246,4.293,4.323,4.241
3/18/2025,4.283,4.299,4.339,4.266
3/17/2025,4.298,4.289,4.331,4.258
3/14/2025,4.318,4.28,4.324,4.274
3/13/2025,4.269,4.318,4.353,4.259
3/12/2025,4.315,4.282,4.332,4.251
3/11/2025,4.281,4.202,4.295,4.152
3/10/2025,4.218,4.263,4.297,4.198
3/7/2025,4.304,4.28,4.328,4.209
3/6/2025,4.279,4.294,4.344,4.267
3/5/2025,4.279,4.239,4.294,4.185
3/4/2025,4.241,4.142,4.252,4.106
3/3/2025,4.158,4.244,4.263,4.146
2/28/2025,4.202,4.264,4.277,4.193
2/27/2025,4.265,4.27,4.313,4.262
2/26/2025,4.254,4.293,4.339,4.245
2/25/2025,4.297,4.396,4.398,4.283
2/24/2025,4.399,4.441,4.457,4.389
2/21/2025,4.43,4.507,4.511,4.406
2/20/2025,4.506,4.535,4.535,4.492
2/19/2025,4.534,4.554,4.576,4.529
2/18/2025,4.551,4.492,4.56,4.488
2/14/2025,4.477,4.539,4.546,4.447
2/13/2025,4.532,4.619,4.621,4.515
2/12/2025,4.625,4.541,4.66,4.527
2/11/2025,4.536,4.513,4.547,4.507
2/10/2025,4.5,4.489,4.509,4.458
2/7/2025,4.494,4.432,4.515,4.428
2/6/2025,4.435,4.424,4.46,4.412
2/5/2025,4.423,4.525,4.529,4.4
2/4/2025,4.512,4.563,4.598,4.509
2/3/2025,4.551,4.563,4.567,4.462
1/31/2025,4.542,4.524,4.583,4.5
1/30/2025,4.519,4.538,4.544,4.486
1/29/2025,4.533,4.532,4.593,4.51
1/28/2025,4.533,4.544,4.579,4.532
1/27/2025,4.533,4.599,4.601,4.498
1/24/2025,4.616,4.641,4.662,4.605
1/23/2025,4.645,4.609,4.664,4.595
1/22/2025,4.612,4.582,4.617,4.556
1/21/2025,4.572,4.558,4.591,4.53
1/17/2025,4.622,4.621,4.629,4.566
1/16/2025,4.611,4.653,4.694,4.588
1/15/2025,4.654,4.788,4.79,4.637
1/14/2025,4.792,4.763,4.809,4.749
1/13/2025,4.789,4.799,4.805,4.759
1/10/2025,4.762,4.673,4.79,4.673
1/9/2025,4.688,4.689,4.691,4.642
1/8/2025,4.692,4.689,4.73,4.663
1/7/2025,4.684,4.632,4.699,4.606
1/6/2025,4.623,4.618,4.644,4.575
1/3/2025,4.601,4.545,4.604,4.535
1/2/2025,4.561,4.571,4.599,4.517
12/31/2024,4.572,4.515,4.589,4.507
12/30/2024,4.532,4.629,4.631,4.533
12/27/2024,4.629,4.585,4.631,4.573
12/26/2024,4.584,4.597,4.641,4.573
12/24/2024,4.59,4.584,4.629,4.581
12/23/2024,4.588,4.526,4.599,4.518
12/20/2024,4.529,4.556,4.566,4.484
12/19/2024,4.565,4.514,4.594,4.502
12/18/2024,4.518,4.391,4.524,4.381
12/17/2024,4.394,4.395,4.442,4.373
12/16/2024,4.402,4.387,4.412,4.361
12/13/2024,4.394,4.328,4.407,4.312
12/12/2024,4.335,4.265,4.339,4.265
12/11/2024,4.274,4.224,4.277,4.201
12/10/2024,4.227,4.195,4.246,4.184
12/9/2024,4.2,4.151,4.203,4.135
12/6/2024,4.148,4.182,4.222,4.126
12/5/2024,4.177,4.194,4.225,4.174
12/4/2024,4.183,4.232,4.281,4.174
12/3/2024,4.226,4.195,4.24,4.165
12/2/2024,4.195,4.207,4.248,4.174
11/29/2024,4.177,4.254,4.256,4.172
11/27/2024,4.26,4.308,4.31,4.227
11/26/2024,4.294,4.287,4.324,4.273
11/25/2024,4.274,4.343,4.369,4.261
11/22/2024,4.411,4.42,4.43,4.383
11/21/2024,4.419,4.41,4.439,4.377
11/20/2024,4.413,4.404,4.438,4.388
11/19/2024,4.395,4.412,4.418,4.337
11/18/2024,4.413,4.439,4.491,4.408
11/15/2024,4.444,4.449,4.505,4.4
11/14/2024,4.445,4.455,4.483,4.386
11/13/2024,4.45,4.435,4.463,4.357
11/12/2024,4.429,4.324,4.443,4.314
11/8/2024,4.305,4.337,4.353,4.264
11/7/2024,4.325,4.425,4.455,4.31
11/6/2024,4.431,4.258,4.479,4.258
11/5/2024,4.28,4.289,4.366,4.273
11/4/2024,4.286,4.299,4.329,4.263
11/1/2024,4.385,4.292,4.388,4.222
10/31/2024,4.281,4.294,4.333,4.26
10/30/2024,4.299,4.252,4.304,4.198
10/29/2024,4.274,4.268,4.339,4.254
10/28/2024,4.278,4.266,4.3,4.23
10/25/2024,4.232,4.204,4.25,4.174
10/24/2024,4.202,4.248,4.248,4.182
10/23/2024,4.242,4.212,4.26,4.21
10/22/2024,4.206,4.194,4.222,4.164
10/21/2024,4.182,4.097,4.198,4.077
10/18/2024,4.075,4.093,4.118,4.065
10/17/2024,4.096,4.022,4.1,4.018
10/16/2024,4.016,4.037,4.043,3.995
10/15/2024,4.038,4.1,4.104,4.026
10/11/2024,4.073,4.069,4.118,4.059
10/10/2024,4.094,4.073,4.12,4.051
10/9/2024,4.067,4.018,4.078,4.006
10/8/2024,4.035,4.02,4.057,3.996
10/7/2024,4.026,3.981,4.033,3.967
10/4/2024,3.981,3.844,3.985,3.834
10/3/2024,3.846,3.789,3.855,3.785
10/2/2024,3.783,3.733,3.817,3.724
10/1/2024,3.731,3.779,3.79,3.696
9/30/2024,3.787,3.753,3.806,3.749
9/27/2024,3.751,3.792,3.809,3.741
9/26/2024,3.796,3.783,3.821,3.754
9/25/2024,3.791,3.732,3.793,3.726
9/24/2024,3.732,3.745,3.81,3.726
9/23/2024,3.751,3.757,3.794,3.73
9/20/2024,3.741,3.713,3.764,3.7
9/19/2024,3.719,3.715,3.768,3.691
9/18/2024,3.713,3.642,3.721,3.634
9/17/2024,3.648,3.618,3.655,3.599
9/16/2024,3.618,3.646,3.662,3.618
9/13/2024,3.657,3.65,3.678,3.623
9/12/2024,3.68,3.659,3.706,3.638
9/11/2024,3.661,3.637,3.689,3.605
9/10/2024,3.64,3.704,3.725,3.637
9/9/2024,3.702,3.734,3.763,3.691
9/6/2024,3.716,3.734,3.77,3.648
9/5/2024,3.725,3.755,3.774,3.721
9/4/2024,3.757,3.837,3.842,3.753
9/3/2024,3.831,3.928,3.932,3.825
9/2/2024,3.926,3.909,3.941,3.905
9/1/2024,3.907,3.914,3.917,3.905
8/30/2024,3.909,3.867,3.932,3.852
8/29/2024,3.863,3.835,3.888,3.816
8/28/2024,3.839,3.818,3.848,3.805
8/27/2024,3.829,3.81,3.867,3.806
8/26/2024,3.82,3.789,3.822,3.774
8/23/2024,3.795,3.845,3.86,3.791
8/22/2024,3.858,3.803,3.877,3.788
8/21/2024,3.799,3.799,3.833,3.761
8/20/2024,3.81,3.871,3.886,3.809
8/19/2024,3.875,3.907,3.907,3.852
8/16/2024,3.883,3.924,3.924,3.864
8/15/2024,3.919,3.839,3.953,3.828
8/14/2024,3.839,3.846,3.886,3.811
8/13/2024,3.846,3.902,3.924,3.845
8/12/2024,3.907,3.942,3.967,3.896
8/9/2024,3.94,3.988,3.99,3.921
8/8/2024,3.99,3.924,4.022,3.894
8/7/2024,3.953,3.884,3.977,3.875
8/6/2024,3.901,3.835,3.909,3.805
8/5/2024,3.779,3.789,3.832,3.667
8/2/2024,3.792,3.97,3.974,3.787
8/1/2024,3.982,4.056,4.066,3.965
7/31/2024,4.033,4.151,4.155,4.031
7/30/2024,4.141,4.178,4.188,4.13
7/29/2024,4.172,4.196,4.196,4.151
7/26/2024,4.194,4.243,4.264,4.19
7/25/2024,4.245,4.278,4.278,4.196
7/24/2024,4.286,4.254,4.292,4.21
7/23/2024,4.254,4.253,4.256,4.221
7/22/2024,4.254,4.218,4.278,4.204
7/19/2024,4.243,4.194,4.249,4.185
7/18/2024,4.202,4.161,4.206,4.156
7/17/2024,4.16,4.161,4.196,4.144
7/16/2024,4.16,4.222,4.222,4.156
7/15/2024,4.231,4.243,4.249,4.198
7/12/2024,4.187,4.212,4.241,4.177
7/11/2024,4.212,4.288,4.315,4.168
7/10/2024,4.282,4.296,4.312,4.267
7/9/2024,4.298,4.282,4.329,4.274
7/8/2024,4.28,4.29,4.317,4.265
7/5/2024,4.278,4.374,4.404,4.269
7/4/2024,4.372,4.364,4.376,4.353
7/3/2024,4.355,4.426,4.445,4.339
7/2/2024,4.438,4.457,4.465,4.414
7/1/2024,4.471,4.412,4.493,4.386
6/28/2024,4.392,4.288,4.404,4.261
6/27/2024,4.286,4.333,4.347,4.275
6/26/2024,4.329,4.244,4.331,4.242
6/25/2024,4.248,4.238,4.259,4.209
6/24/2024,4.234,4.257,4.277,4.226
6/21/2024,4.257,4.265,4.279,4.217
6/20/2024,4.261,4.234,4.294,4.228
6/19/2024,4.236,4.225,4.241,4.223
6/18/2024,4.219,4.275,4.3,4.207
6/17/2024,4.285,4.244,4.294,4.231
6/14/2024,4.221,4.252,4.273,4.188
6/13/2024,4.248,4.304,4.328,4.223
6/12/2024,4.318,4.41,4.428,4.25
6/11/2024,4.402,4.463,4.465,4.394
6/10/2024,4.471,4.453,4.479,4.441
6/7/2024,4.433,4.293,4.436,4.289
6/6/2024,4.287,4.289,4.322,4.275
6/5/2024,4.277,4.33,4.359,4.275
6/4/2024,4.33,4.396,4.414,4.314
6/3/2024,4.392,4.493,4.501,4.39
5/31/2024,4.503,4.544,4.572,4.485
5/30/2024,4.55,4.62,4.628,4.542
5/29/2024,4.616,4.548,4.638,4.542
5/28/2024,4.548,4.459,4.554,4.445
5/27/2024,4.461,4.451,4.473,4.446
5/24/2024,4.467,4.477,4.502,4.463
5/23/2024,4.479,4.426,4.498,4.408
5/22/2024,4.426,4.414,4.461,4.41
5/21/2024,4.412,4.445,4.451,4.398
5/20/2024,4.447,4.414,4.455,4.406
5/17/2024,4.422,4.369,4.426,4.363
5/16/2024,4.377,4.336,4.385,4.313
5/15/2024,4.344,4.449,4.449,4.34
5/14/2024,4.445,4.489,4.534,4.441
5/13/2024,4.49,4.49,4.496,4.459
5/10/2024,4.5,4.465,4.508,4.441
5/9/2024,4.459,4.49,4.52,4.447
5/8/2024,4.5,4.457,4.5,4.451
5/7/2024,4.461,4.496,4.496,4.42
5/6/2024,4.487,4.483,4.514,4.469
5/3/2024,4.497,4.583,4.596,4.453
5/2/2024,4.589,4.63,4.651,4.567
5/1/2024,4.641,4.682,4.694,4.581
4/30/2024,4.682,4.611,4.692,4.603
4/29/2024,4.611,4.655,4.659,4.607
4/26/2024,4.663,4.714,4.716,4.64
4/25/2024,4.704,4.646,4.739,4.619
4/24/2024,4.648,4.6,4.671,4.6
4/23/2024,4.607,4.613,4.654,4.568
4/22/2024,4.61,4.631,4.668,4.609
4/19/2024,4.623,4.627,4.635,4.496
4/18/2024,4.637,4.587,4.653,4.561
4/17/2024,4.589,4.674,4.684,4.575
4/16/2024,4.669,4.614,4.696,4.591
4/15/2024,4.61,4.534,4.663,4.52
4/12/2024,4.517,4.582,4.584,4.483
4/11/2024,4.584,4.548,4.593,4.513
4/10/2024,4.546,4.366,4.568,4.342
4/9/2024,4.362,4.426,4.432,4.354
4/8/2024,4.422,4.414,4.464,4.406
4/5/2024,4.4,4.309,4.406,4.305
4/4/2024,4.307,4.343,4.381,4.299
4/3/2024,4.351,4.357,4.429,4.343
4/2/2024,4.353,4.305,4.405,4.303
4/1/2024,4.317,4.19,4.337,4.188
3/29/2024,4.21,4.21,4.21,4.21
3/28/2024,4.206,4.206,4.238,4.183
3/27/2024,4.188,4.238,4.241,4.182
3/26/2024,4.238,4.243,4.273,4.222
3/25/2024,4.249,4.198,4.261,4.19
3/22/2024,4.202,4.265,4.269,4.198
3/21/2024,4.269,4.273,4.293,4.218
3/20/2024,4.277,4.285,4.324,4.233
3/19/2024,4.293,4.328,4.336,4.287
3/18/2024,4.328,4.308,4.348,4.291
3/15/2024,4.308,4.296,4.322,4.269
3/14/2024,4.292,4.19,4.3,4.186
3/13/2024,4.188,4.147,4.198,4.131
3/12/2024,4.151,4.094,4.172,4.081
3/11/2024,4.098,4.083,4.116,4.052
3/8/2024,4.077,4.09,4.131,4.038
3/7/2024,4.089,4.104,4.127,4.054
3/6/2024,4.108,4.155,4.17,4.079
3/5/2024,4.151,4.223,4.223,4.112
3/4/2024,4.217,4.193,4.235,4.189
3/1/2024,4.186,4.254,4.296,4.178
2/29/2024,4.254,4.266,4.319,4.225
2/28/2024,4.266,4.305,4.309,4.264
2/27/2024,4.303,4.283,4.321,4.258
2/26/2024,4.281,4.258,4.309,4.217
2/23/2024,4.248,4.343,4.351,4.246
2/22/2024,4.331,4.323,4.354,4.295
2/21/2024,4.319,4.283,4.331,4.25
2/20/2024,4.275,4.317,4.319,4.244
2/19/2024,4.317,4.296,4.328,4.282
2/18/2024,4.296,4.287,4.301,4.287
2/16/2024,4.281,4.238,4.33,4.236
2/15/2024,4.234,4.255,4.257,4.187
2/14/2024,4.261,4.328,4.332,4.246
2/13/2024,4.326,4.179,4.328,4.15
2/12/2024,4.179,4.183,4.197,4.146
2/9/2024,4.177,4.154,4.195,4.125
2/8/2024,4.158,4.106,4.173,4.088
2/7/2024,4.115,4.102,4.135,4.065
2/6/2024,4.09,4.146,4.171,4.079
2/5/2024,4.162,4.054,4.177,4.049
2/2/2024,4.024,3.876,4.054,3.873
2/1/2024,3.882,3.931,3.958,3.816
1/31/2024,3.918,4.04,4.043,3.912
1/30/2024,4.036,4.078,4.103,4.034
1/29/2024,4.076,4.139,4.145,4.059
1/26/2024,4.139,4.113,4.166,4.093
1/25/2024,4.12,4.184,4.195,4.12
1/24/2024,4.18,4.134,4.188,4.086
1/23/2024,4.132,4.101,4.155,4.088
1/22/2024,4.107,4.136,4.14,4.075
1/19/2024,4.13,4.152,4.198,4.123
1/18/2024,4.142,4.104,4.154,4.071
1/17/2024,4.106,4.062,4.129,4.037
1/16/2024,4.054,3.986,4.083,3.977
1/15/2024,3.986,3.966,4.002,3.949
1/14/2024,3.968,3.956,3.968,3.956
1/12/2024,3.939,3.962,4.007,3.916
1/11/2024,3.975,4.028,4.068,3.968
1/10/2024,4.03,4.006,4.043,3.979
1/9/2024,4.015,4.023,4.053,3.996
1/8/2024,4.027,4.061,4.068,3.966
1/5/2024,4.051,4.003,4.103,3.953
1/4/2024,4.003,3.914,4.006,3.901
1/3/2024,3.92,3.95,4.01,3.894
1/2/2024,3.941,3.899,4.023,3.881
1/1/2024,3.898,3.879,3.898,3.866
12/29/2023,3.866,3.844,3.898,3.832
12/28/2023,3.846,3.8,3.861,3.796
12/27/2023,3.789,3.9,3.904,3.783
12/26/2023,3.897,3.901,3.91,3.876
12/25/2023,3.902,3.905,3.906,3.902
12/22/2023,3.901,3.888,3.921,3.849
12/21/2023,3.892,3.864,3.905,3.829
12/20/2023,3.853,3.924,3.924,3.847
12/19/2023,3.931,3.93,3.952,3.894
12/18/2023,3.935,3.931,3.971,3.89
12/15/2023,3.915,3.93,3.973,3.894
12/14/2023,3.921,4.016,4.024,3.885
12/13/2023,4.024,4.202,4.21,4.007
12/12/2023,4.21,4.239,4.251,4.153
12/11/2023,4.237,4.241,4.295,4.229
12/8/2023,4.229,4.153,4.278,4.147
12/7/2023,4.148,4.11,4.186,4.104
12/6/2023,4.114,4.173,4.205,4.104
12/5/2023,4.167,4.255,4.265,4.163
12/4/2023,4.259,4.22,4.299,4.22
12/1/2023,4.209,4.321,4.349,4.198
11/30/2023,4.33,4.267,4.369,4.247
11/29/2023,4.259,4.319,4.328,4.253
11/28/2023,4.325,4.402,4.422,4.321
11/27/2023,4.39,4.492,4.514,4.381
11/24/2023,4.472,4.451,4.494,4.443
11/23/2023,4.453,4.405,4.464,4.391
11/22/2023,4.408,4.394,4.447,4.363
11/21/2023,4.398,4.414,4.443,4.383
11/20/2023,4.426,4.461,4.488,4.41
11/17/2023,4.439,4.439,4.469,4.379
11/16/2023,4.441,4.523,4.527,4.432
11/15/2023,4.537,4.445,4.559,4.426
11/14/2023,4.453,4.644,4.656,4.432
11/13/2023,4.638,4.654,4.696,4.624
11/10/2023,4.646,4.64,4.654,4.567
11/9/2023,4.632,4.484,4.654,4.473
11/8/2023,4.492,4.579,4.614,4.488
11/7/2023,4.569,4.639,4.662,4.544
11/6/2023,4.647,4.589,4.668,4.576
11/3/2023,4.576,4.662,4.678,4.484
11/2/2023,4.661,4.717,4.749,4.626
11/1/2023,4.734,4.926,4.935,4.734
10/31/2023,4.926,4.892,4.933,4.803
10/30/2023,4.888,4.877,4.922,4.835
10/27/2023,4.845,4.853,4.892,4.83
10/26/2023,4.849,4.949,4.989,4.838
10/25/2023,4.961,4.823,4.966,4.806
10/24/2023,4.819,4.859,4.889,4.8
10/23/2023,4.848,4.958,5.021,4.829
10/20/2023,4.914,4.988,4.995,4.892
10/19/2023,4.99,4.938,4.996,4.894
10/18/2023,4.911,4.838,4.928,4.811
10/17/2023,4.836,4.714,4.862,4.704
10/16/2023,4.7,4.648,4.725,4.643
10/13/2023,4.616,4.695,4.697,4.586
10/12/2023,4.697,4.558,4.728,4.53
10/11/2023,4.558,4.655,4.655,4.544
10/10/2023,4.657,4.628,4.715,4.618
10/9/2023,4.628,4.725,4.759,4.622
10/8/2023,4.725,4.75,4.755,4.67
10/6/2023,4.795,4.725,4.887,4.713
10/5/2023,4.721,4.733,4.777,4.702
10/4/2023,4.735,4.802,4.884,4.72
10/3/2023,4.795,4.679,4.81,4.664
10/2/2023,4.685,4.614,4.703,4.602
9/29/2023,4.579,4.579,4.602,4.508
9/28/2023,4.579,4.605,4.688,4.571
9/27/2023,4.608,4.53,4.642,4.491
9/26/2023,4.55,4.546,4.566,4.483
9/25/2023,4.531,4.442,4.548,4.442
9/22/2023,4.438,4.492,4.508,4.424
9/21/2023,4.494,4.409,4.498,4.409
9/20/2023,4.399,4.365,4.411,4.313
9/19/2023,4.365,4.306,4.371,4.301
9/18/2023,4.303,4.306,4.311,4.301
9/15/2023,4.336,4.288,4.338,4.272
9/14/2023,4.286,4.245,4.298,4.221
9/13/2023,4.254,4.286,4.352,4.235
9/12/2023,4.28,4.298,4.3,4.264
9/11/2023,4.294,4.286,4.304,4.272
9/8/2023,4.26,4.25,4.268,4.21
9/7/2023,4.25,4.292,4.308,4.248
9/6/2023,4.296,4.254,4.306,4.238
9/5/2023,4.266,4.208,4.274,4.204
9/4/2023,4.206,4.187,4.213,4.186
9/3/2023,4.187,4.191,4.196,4.186
9/1/2023,4.181,4.114,4.2,4.06
8/31/2023,4.106,4.114,4.124,4.077
8/30/2023,4.112,4.137,4.159,4.087
8/29/2023,4.12,4.194,4.243,4.106
8/28/2023,4.206,4.253,4.257,4.194
8/25/2023,4.231,4.231,4.285,4.204
8/24/2023,4.241,4.194,4.243,4.174
8/23/2023,4.196,4.318,4.32,4.184
8/22/2023,4.332,4.354,4.366,4.306
8/21/2023,4.342,4.26,4.354,4.255
8/18/2023,4.251,4.27,4.28,4.215
8/17/2023,4.284,4.252,4.328,4.252
8/16/2023,4.258,4.211,4.28,4.17
8/15/2023,4.219,4.199,4.274,4.166
8/14/2023,4.201,4.172,4.215,4.146
8/11/2023,4.158,4.123,4.178,4.08
8/10/2023,4.107,4.009,4.113,3.957
8/9/2023,4.016,4.012,4.044,3.988
8/8/2023,4.028,4.089,4.089,3.984
8/7/2023,4.097,4.05,4.123,4.046
8/4/2023,4.042,4.179,4.206,4.038
8/3/2023,4.179,4.086,4.198,4.082
8/2/2023,4.09,4.013,4.126,4.009
8/1/2023,4.037,3.965,4.057,3.949
7/31/2023,3.967,3.963,4.003,3.927
7/28/2023,3.957,4.014,4.043,3.939
7/27/2023,4.002,3.877,4.024,3.839
7/26/2023,3.873,3.898,3.904,3.847
7/25/2023,3.89,3.876,3.922,3.857
7/24/2023,3.878,3.847,3.878,3.792
7/21/2023,3.837,3.85,3.861,3.809
7/20/2023,3.856,3.754,3.874,3.746
7/19/2023,3.748,3.789,3.797,3.727
7/18/2023,3.789,3.805,3.809,3.734
7/17/2023,3.809,3.815,3.836,3.772
7/14/2023,3.83,3.777,3.836,3.76
7/13/2023,3.767,3.859,3.865,3.757
7/12/2023,3.861,3.962,3.97,3.844
7/11/2023,3.978,4,4.008,3.95
7/10/2023,4,4.062,4.092,3.986
7/7/2023,4.066,4.031,4.094,4.006
7/6/2023,4.031,3.938,4.083,3.93
7/5/2023,3.934,3.841,3.947,3.831
7/4/2023,3.839,3.854,3.878,3.839
7/3/2023,3.858,3.845,3.868,3.778
6/30/2023,3.841,3.838,3.892,3.803
6/29/2023,3.842,3.714,3.868,3.712
6/28/2023,3.714,3.762,3.77,3.704
6/27/2023,3.772,3.719,3.776,3.692
6/26/2023,3.723,3.721,3.737,3.679
6/23/2023,3.737,3.787,3.799,3.692
6/22/2023,3.797,3.727,3.81,3.711
6/21/2023,3.727,3.732,3.791,3.711
6/20/2023,3.719,3.824,3.826,3.701
6/19/2023,3.822,3.76,3.826,3.75
6/16/2023,3.767,3.718,3.806,3.717
6/15/2023,3.72,3.79,3.845,3.707
6/14/2023,3.79,3.821,3.851,3.771
6/13/2023,3.827,3.74,3.845,3.682
6/12/2023,3.743,3.745,3.794,3.711
6/9/2023,3.743,3.724,3.78,3.716
6/8/2023,3.718,3.789,3.821,3.708
6/7/2023,3.793,3.668,3.801,3.656
6/6/2023,3.677,3.685,3.735,3.654
6/5/2023,3.689,3.706,3.762,3.658
6/2/2023,3.698,3.606,3.7,3.599
6/1/2023,3.601,3.639,3.689,3.57
5/31/2023,3.646,3.694,3.694,3.614
5/30/2023,3.694,3.765,3.769,3.681
5/29/2023,3.764,3.821,3.827,3.757
5/28/2023,3.819,3.817,3.845,3.809
5/26/2023,3.81,3.817,3.859,3.777
5/25/2023,3.823,3.74,3.827,3.73
5/24/2023,3.744,3.701,3.748,3.667
5/23/2023,3.698,3.717,3.761,3.688
5/22/2023,3.719,3.669,3.728,3.642
5/19/2023,3.682,3.649,3.72,3.619
5/18/2023,3.651,3.562,3.659,3.547
5/17/2023,3.572,3.547,3.589,3.515
5/16/2023,3.541,3.507,3.573,3.457
5/15/2023,3.507,3.464,3.511,3.457
5/12/2023,3.463,3.382,3.47,3.369
5/11/2023,3.386,3.436,3.444,3.345
5/10/2023,3.439,3.519,3.528,3.431
5/9/2023,3.522,3.515,3.532,3.479
5/8/2023,3.507,3.448,3.52,3.422
5/5/2023,3.435,3.386,3.465,3.379
5/4/2023,3.377,3.403,3.411,3.296
5/3/2023,3.364,3.431,3.441,3.341
5/2/2023,3.433,3.566,3.57,3.424
5/1/2023,3.57,3.45,3.608,3.448
4/28/2023,3.433,3.522,3.551,3.422
4/27/2023,3.528,3.443,3.538,3.433
4/26/2023,3.445,3.418,3.458,3.375
4/25/2023,3.4,3.481,3.492,3.379
4/24/2023,3.496,3.572,3.572,3.492
4/21/2023,3.568,3.534,3.579,3.501
4/20/2023,3.536,3.591,3.602,3.526
4/19/2023,3.591,3.589,3.639,3.578
4/18/2023,3.578,3.6,3.608,3.549
4/17/2023,3.606,3.53,3.608,3.507
4/14/2023,3.515,3.447,3.537,3.422
4/13/2023,3.449,3.389,3.46,3.372
4/12/2023,3.4,3.428,3.462,3.34
4/11/2023,3.432,3.419,3.456,3.381
4/10/2023,3.415,3.372,3.436,3.35
4/7/2023,3.413,3.305,3.415,3.298
4/6/2023,3.303,3.307,3.313,3.253
4/5/2023,3.309,3.348,3.372,3.266
4/4/2023,3.339,3.417,3.485,3.335
4/3/2023,3.415,3.524,3.545,3.4
3/31/2023,3.473,3.553,3.585,3.47
3/30/2023,3.547,3.57,3.596,3.534
3/29/2023,3.566,3.573,3.611,3.534
3/28/2023,3.572,3.53,3.577,3.498
3/27/2023,3.539,3.4,3.545,3.367
3/24/2023,3.372,3.417,3.425,3.285
3/23/2023,3.414,3.451,3.52,3.374
3/22/2023,3.451,3.606,3.644,3.43
3/21/2023,3.608,3.496,3.613,3.44
3/20/2023,3.483,3.468,3.519,3.291
3/17/2023,3.438,3.568,3.598,3.382
3/16/2023,3.579,3.451,3.586,3.369
3/15/2023,3.462,3.697,3.71,3.388
3/14/2023,3.685,3.562,3.697,3.464
3/13/2023,3.545,3.75,3.762,3.418
3/10/2023,3.704,3.901,3.901,3.674
3/9/2023,3.907,3.98,4.019,3.894
3/8/2023,3.989,3.981,4.011,3.899
3/7/2023,3.97,3.967,4.007,3.919
3/6/2023,3.964,3.965,3.989,3.897
3/3/2023,3.958,4.068,4.069,3.954
3/2/2023,4.062,3.994,4.091,3.99
3/1/2023,3.994,3.938,4.01,3.914
2/28/2023,3.928,3.924,3.983,3.899
2/27/2023,3.922,3.934,3.978,3.897
2/24/2023,3.947,3.885,3.978,3.854
2/23/2023,3.89,3.921,3.978,3.863
2/22/2023,3.927,3.957,3.968,3.89
2/21/2023,3.954,3.851,3.962,3.84
2/20/2023,3.851,3.849,3.851,3.849
2/17/2023,3.817,3.863,3.929,3.813
2/16/2023,3.863,3.818,3.872,3.769
2/15/2023,3.803,3.745,3.822,3.726
2/14/2023,3.753,3.711,3.799,3.622
2/13/2023,3.704,3.743,3.755,3.702
2/10/2023,3.743,3.675,3.751,3.658
2/9/2023,3.664,3.601,3.69,3.575
2/8/2023,3.615,3.672,3.692,3.614
2/7/2023,3.679,3.644,3.69,3.597
2/6/2023,3.644,3.562,3.655,3.536
2/3/2023,3.519,3.391,3.556,3.365
2/2/2023,3.402,3.422,3.426,3.333
2/1/2023,3.417,3.516,3.52,3.387
1/31/2023,3.51,3.546,3.553,3.487
1/30/2023,3.542,3.511,3.574,3.494
1/27/2023,3.507,3.506,3.565,3.502
1/26/2023,3.506,3.442,3.52,3.436
1/25/2023,3.451,3.449,3.489,3.42
1/24/2023,3.455,3.513,3.556,3.453
1/23/2023,3.521,3.486,3.549,3.464
1/20/2023,3.482,3.399,3.501,3.39
1/19/2023,3.399,3.379,3.428,3.321
1/18/2023,3.373,3.546,3.562,3.368
1/17/2023,3.549,3.527,3.585,3.496
1/16/2023,3.529,3.524,3.529,3.524
1/13/2023,3.498,3.447,3.514,3.418
1/12/2023,3.444,3.552,3.591,3.424
1/11/2023,3.543,3.608,3.613,3.528
1/10/2023,3.615,3.534,3.639,3.521
1/9/2023,3.527,3.578,3.61,3.508
1/6/2023,3.56,3.727,3.755,3.551
1/5/2023,3.722,3.698,3.784,3.683
1/4/2023,3.69,3.758,3.763,3.664
1/3/2023,3.752,3.848,3.848,3.724
1/2/2023,3.879,3.879,3.879,3.879
12/30/2022,3.879,3.826,3.905,3.82
12/29/2022,3.82,3.873,3.886,3.816
12/28/2022,3.886,3.847,3.892,3.805
12/27/2022,3.849,3.745,3.862,3.727
12/26/2022,3.743,3.745,3.745,3.743
12/23/2022,3.751,3.682,3.753,3.676
12/22/2022,3.686,3.666,3.692,3.628
12/21/2022,3.673,3.705,3.722,3.621
12/20/2022,3.692,3.596,3.711,3.583
12/19/2022,3.59,3.51,3.601,3.497
12/16/2022,3.488,3.464,3.557,3.459
12/15/2022,3.45,3.497,3.523,3.428
12/14/2022,3.479,3.499,3.561,3.461
12/13/2022,3.501,3.608,3.63,3.421
12/12/2022,3.617,3.586,3.632,3.52
12/9/2022,3.586,3.489,3.595,3.452
12/8/2022,3.489,3.435,3.506,3.435
12/7/2022,3.421,3.542,3.559,3.402
12/6/2022,3.531,3.586,3.606,3.508
12/5/2022,3.583,3.519,3.612,3.502
12/2/2022,3.492,3.514,3.638,3.474
12/1/2022,3.51,3.62,3.64,3.505
11/30/2022,3.611,3.748,3.798,3.6
11/29/2022,3.75,3.692,3.763,3.648
11/28/2022,3.679,3.692,3.72,3.62
11/25/2022,3.691,3.661,3.756,3.65
11/24/2022,3.661,3.659,3.661,3.659
11/23/2022,3.689,3.829,3.799,3.689
11/22/2022,3.758,3.832,3.832,3.747
11/21/2022,3.84,3.816,3.844,3.762
11/18/2022,3.829,3.788,3.833,3.745
11/17/2022,3.769,3.694,3.805,3.681
11/16/2022,3.69,3.777,3.844,3.671
11/15/2022,3.777,3.867,3.882,3.757
11/14/2022,3.863,3.895,3.906,3.848
11/10/2022,3.811,4.092,4.117,3.807
11/9/2022,4.099,4.13,4.176,4.057
11/8/2022,4.128,4.224,4.243,4.121
11/7/2022,4.218,4.161,4.226,4.123
11/4/2022,4.163,4.164,4.209,4.102
11/3/2022,4.149,4.118,4.223,4.086
11/2/2022,4.096,4.048,4.115,3.974
11/1/2022,4.048,4.058,4.079,3.92
10/31/2022,4.05,4.016,4.112,4.016
10/28/2022,4.01,3.929,4.05,3.911
10/27/2022,3.927,4.011,4.086,3.898
10/26/2022,4.007,4.09,4.113,3.994
10/25/2022,4.1,4.226,4.232,4.052
10/24/2022,4.247,4.206,4.291,4.127
10/21/2022,4.219,4.226,4.338,4.2
10/20/2022,4.233,4.142,4.243,4.098
10/19/2022,4.138,4.013,4.14,4.009
10/18/2022,4.007,3.998,4.067,3.961
10/17/2022,4.012,4.002,4.027,3.91
10/14/2022,4.023,3.964,4.031,3.851
10/13/2022,3.95,3.906,4.08,3.842
10/12/2022,3.902,3.951,3.978,3.884
10/11/2022,3.945,3.957,4.006,3.867
10/10/2022,3.955,3.951,3.957,3.951
10/7/2022,3.888,3.819,3.91,3.818
10/6/2022,3.828,3.749,3.846,3.731
10/5/2022,3.755,3.625,3.789,3.615
10/4/2022,3.635,3.615,3.659,3.562
10/3/2022,3.643,3.813,3.819,3.568
9/30/2022,3.829,3.783,3.843,3.682
9/29/2022,3.782,3.753,3.868,3.721
9/28/2022,3.737,3.947,4.019,3.695
9/27/2022,3.949,3.912,3.992,3.801
9/26/2022,3.928,3.734,3.933,3.714
9/23/2022,3.687,3.714,3.829,3.659
9/22/2022,3.71,3.546,3.718,3.514
9/21/2022,3.534,3.563,3.64,3.499
9/20/2022,3.569,3.492,3.604,3.473
9/19/2022,3.494,3.448,3.518,3.448
9/16/2022,3.455,3.447,3.492,3.415
9/15/2022,3.449,3.402,3.468,3.402
9/14/2022,3.404,3.418,3.476,3.383
9/13/2022,3.412,3.346,3.46,3.293
9/12/2022,3.358,3.315,3.377,3.262
9/9/2022,3.315,3.319,3.333,3.247
9/8/2022,3.323,3.271,3.328,3.201
9/7/2022,3.267,3.343,3.365,3.25
9/6/2022,3.351,3.223,3.355,3.208
9/5/2022,3.223,3.227,3.227,3.221
9/2/2022,3.195,3.265,3.29,3.174
9/1/2022,3.259,3.198,3.297,3.183
8/31/2022,3.196,3.108,3.198,3.091
8/30/2022,3.112,3.097,3.153,3.05
8/29/2022,3.114,3.069,3.13,3.069
8/26/2022,3.03,3.035,3.087,3.007
8/25/2022,3.031,3.109,3.128,3.02
8/24/2022,3.109,3.055,3.126,3.022
8/23/2022,3.057,3.026,3.078,2.983
8/22/2022,3.024,2.989,3.04,2.943
8/19/2022,2.976,2.875,2.998,2.875
8/18/2022,2.886,2.899,2.913,2.835
8/17/2022,2.902,2.82,2.919,2.808
8/16/2022,2.808,2.779,2.873,2.772
8/15/2022,2.793,2.839,2.864,2.759
8/12/2022,2.842,2.888,2.906,2.835
8/11/2022,2.889,2.791,2.902,2.73
8/10/2022,2.785,2.788,2.818,2.674
8/9/2022,2.779,2.75,2.816,2.746
8/8/2022,2.75,2.834,2.853,2.739
8/5/2022,2.827,2.677,2.869,2.674
8/4/2022,2.694,2.717,2.745,2.656
8/3/2022,2.706,2.745,2.851,2.699
8/2/2022,2.748,2.568,2.774,2.516
8/1/2022,2.588,2.669,2.696,2.575
7/29/2022,2.658,2.678,2.728,2.618
7/28/2022,2.671,2.759,2.827,2.649
7/27/2022,2.785,2.801,2.82,2.723
7/26/2022,2.803,2.801,2.81,2.707
7/25/2022,2.807,2.783,2.845,2.772
7/22/2022,2.754,2.878,2.904,2.732
7/21/2022,2.882,3.021,3.083,2.871
7/20/2022,3.03,3.028,3.042,2.943
7/19/2022,3.028,2.986,3.038,2.956
7/18/2022,2.989,2.919,3.019,2.911
7/15/2022,2.928,2.956,2.973,2.899
7/14/2022,2.958,2.941,3.028,2.911
7/13/2022,2.935,2.965,3.071,2.899
7/12/2022,2.971,2.989,2.989,2.899
7/11/2022,2.993,3.097,3.103,2.967
7/8/2022,3.08,3,3.101,2.967
7/7/2022,3,2.932,3.017,2.897
7/6/2022,2.934,2.825,2.935,2.746
7/5/2022,2.818,2.93,2.978,2.78
7/4/2022,2.932,2.93,2.934,2.93
7/1/2022,2.889,3.024,3.028,2.791
6/30/2022,3.017,3.078,3.108,2.97
6/29/2022,3.087,3.179,3.187,3.087
6/28/2022,3.177,3.202,3.259,3.171
6/27/2022,3.202,3.134,3.219,3.121
6/24/2022,3.138,3.079,3.141,3.039
6/23/2022,3.089,3.152,3.175,3.005
6/22/2022,3.16,3.284,3.284,3.124
6/21/2022,3.279,3.275,3.317,3.258
6/20/2022,3.277,3.277,3.277,3.277
6/17/2022,3.231,3.227,3.313,3.194
6/16/2022,3.195,3.303,3.495,3.178
6/15/2022,3.292,3.448,3.464,3.28
6/14/2022,3.479,3.379,3.498,3.267
6/13/2022,3.362,3.172,3.44,3.155
6/10/2022,3.165,3.055,3.178,2.99
6/9/2022,3.046,3.034,3.073,3.007
6/8/2022,3.027,2.986,3.042,2.983
6/7/2022,2.979,3.044,3.064,2.957
6/6/2022,3.04,2.935,3.049,2.933
6/3/2022,2.941,2.915,2.986,2.906
6/2/2022,2.913,2.911,2.944,2.889
6/1/2022,2.911,2.864,2.951,2.833
5/31/2022,2.849,2.81,2.884,2.799
5/30/2022,2.812,2.815,2.815,2.812
5/27/2022,2.743,2.752,2.769,2.709
5/26/2022,2.742,2.743,2.797,2.706
5/25/2022,2.751,2.756,2.776,2.708
5/24/2022,2.754,2.844,2.864,2.718
5/23/2022,2.861,2.806,2.873,2.797
5/20/2022,2.788,2.848,2.88,2.774
5/19/2022,2.837,2.864,2.922,2.772
5/18/2022,2.884,2.988,3.015,2.873
5/17/2022,2.995,2.886,2.997,2.875
5/16/2022,2.886,2.94,2.953,2.853
5/13/2022,2.928,2.862,2.944,2.852
5/12/2022,2.855,2.911,2.911,2.816
5/11/2022,2.925,2.991,3.076,2.907
5/10/2022,2.989,3.034,3.072,2.942
5/9/2022,3.034,3.142,3.203,3.028
5/6/2022,3.142,3.052,3.146,3.039
5/5/2022,3.035,2.964,3.108,2.925
5/4/2022,2.946,3.001,3.011,2.901
5/3/2022,2.979,2.991,3.01,2.913
5/2/2022,2.977,2.932,3.01,2.907
4/29/2022,2.938,2.854,2.943,2.831
4/28/2022,2.832,2.834,2.888,2.796
4/27/2022,2.826,2.74,2.839,2.715
4/26/2022,2.728,2.818,2.866,2.724
4/25/2022,2.818,2.889,2.895,2.76
4/22/2022,2.905,2.929,2.974,2.864
4/21/2022,2.908,2.836,2.954,2.836
4/20/2022,2.834,2.96,2.981,2.819
4/19/2022,2.94,2.849,2.948,2.836
4/18/2022,2.857,2.847,2.884,2.81
4/14/2022,2.828,2.699,2.835,2.648
4/13/2022,2.703,2.727,2.79,2.646
4/12/2022,2.727,2.803,2.836,2.674
4/11/2022,2.774,2.723,2.793,2.711
4/8/2022,2.704,2.647,2.73,2.624
4/7/2022,2.665,2.594,2.673,2.555
4/6/2022,2.598,2.566,2.659,2.566
4/5/2022,2.554,2.393,2.567,2.384
4/4/2022,2.393,2.408,2.434,2.369
4/1/2022,2.389,2.352,2.456,2.352
3/31/2022,2.345,2.345,2.365,2.309
3/30/2022,2.358,2.4,2.435,2.334
3/29/2022,2.398,2.442,2.535,2.38
3/28/2022,2.466,2.473,2.557,2.414
3/25/2022,2.488,2.372,2.503,2.339
3/24/2022,2.37,2.306,2.397,2.304
3/23/2022,2.29,2.392,2.417,2.286
3/22/2022,2.381,2.293,2.392,2.293
3/21/2022,2.297,2.149,2.32,2.148
3/18/2022,2.153,2.158,2.19,2.133
3/17/2022,2.167,2.185,2.214,2.106
3/16/2022,2.192,2.149,2.246,2.135
3/15/2022,2.149,2.135,2.169,2.078
3/14/2022,2.142,2.034,2.147,2.025
3/11/2022,1.997,1.99,2.022,1.96
3/10/2022,1.993,1.951,2.021,1.911
3/9/2022,1.951,1.865,1.957,1.837
3/8/2022,1.84,1.773,1.878,1.758
3/7/2022,1.777,1.683,1.806,1.668
3/4/2022,1.737,1.854,1.854,1.698
3/3/2022,1.84,1.852,1.897,1.83
3/2/2022,1.878,1.741,1.91,1.7
3/1/2022,1.716,1.84,1.866,1.682
2/28/2022,1.822,1.892,1.927,1.816
2/25/2022,1.97,1.972,2.016,1.934
2/24/2022,1.97,1.97,1.981,1.846
2/23/2022,1.998,1.949,2,1.949
2/22/2022,1.944,1.875,1.96,1.846
2/21/2022,1.873,1.868,1.873,1.868
2/18/2022,1.927,1.954,1.995,1.916
2/17/2022,1.968,2.024,2.035,1.953
2/16/2022,2.04,2.04,2.065,2.007
2/15/2022,2.043,1.984,2.056,1.968
2/14/2022,1.986,1.967,2.026,1.903
2/11/2022,1.918,2.033,2.063,1.913
2/10/2022,2.043,1.939,2.056,1.923
2/9/2022,1.945,1.954,1.958,1.909
2/8/2022,1.965,1.921,1.97,1.921
2/7/2022,1.919,1.908,1.939,1.896
2/4/2022,1.916,1.834,1.936,1.809
2/3/2022,1.836,1.759,1.847,1.757
2/2/2022,1.771,1.798,1.811,1.743
2/1/2022,1.795,1.787,1.82,1.739
1/31/2022,1.784,1.789,1.816,1.77
1/28/2022,1.778,1.808,1.854,1.771
1/27/2022,1.803,1.851,1.862,1.782
1/26/2022,1.873,1.778,1.88,1.765
1/25/2022,1.776,1.769,1.797,1.728
1/24/2022,1.776,1.772,1.785,1.707
1/21/2022,1.77,1.791,1.801,1.733
1/20/2022,1.811,1.863,1.87,1.804
1/19/2022,1.854,1.873,1.902,1.822
1/18/2022,1.875,1.807,1.881,1.807
1/17/2022,1.809,1.813,1.813,1.809
1/14/2022,1.793,1.72,1.795,1.706
1/13/2022,1.701,1.748,1.76,1.694
1/12/2022,1.752,1.743,1.753,1.711
1/11/2022,1.746,1.769,1.785,1.737
1/10/2022,1.755,1.767,1.808,1.75
1/7/2022,1.765,1.725,1.801,1.711
1/6/2022,1.728,1.7,1.753,1.686
1/5/2022,1.7,1.656,1.712,1.64
1/4/2022,1.649,1.617,1.686,1.614
1/3/2022,1.637,1.531,1.642,1.529
12/31/2021,1.512,1.512,1.526,1.491
12/30/2021,1.507,1.551,1.553,1.501
12/29/2021,1.556,1.477,1.56,1.47
12/28/2021,1.484,1.479,1.491,1.455
12/27/2021,1.477,1.486,1.498,1.476
12/23/2021,1.493,1.457,1.501,1.452
12/22/2021,1.453,1.45,1.486,1.448
12/21/2021,1.467,1.421,1.498,1.414
12/20/2021,1.428,1.375,1.429,1.353
12/17/2021,1.407,1.424,1.434,1.372
12/16/2021,1.424,1.462,1.482,1.412
12/15/2021,1.458,1.443,1.484,1.424
12/14/2021,1.441,1.426,1.472,1.419
12/13/2021,1.414,1.494,1.508,1.412
12/10/2021,1.482,1.501,1.52,1.451
12/9/2021,1.497,1.521,1.535,1.472
12/8/2021,1.528,1.472,1.537,1.427
12/7/2021,1.482,1.429,1.487,1.427
12/6/2021,1.433,1.378,1.443,1.37
12/3/2021,1.356,1.431,1.472,1.335
12/2/2021,1.444,1.421,1.466,1.409
12/1/2021,1.404,1.477,1.506,1.402
11/30/2021,1.456,1.511,1.524,1.412
11/29/2021,1.502,1.531,1.565,1.497
11/26/2021,1.482,1.598,1.601,1.473
11/25/2021,1.596,1.601,1.603,1.596
11/24/2021,1.643,1.665,1.693,1.627
11/23/2021,1.676,1.624,1.684,1.615
11/22/2021,1.632,1.56,1.634,1.546
11/19/2021,1.548,1.587,1.608,1.515
11/18/2021,1.587,1.599,1.613,1.574
11/17/2021,1.585,1.644,1.649,1.584
11/16/2021,1.64,1.618,1.646,1.594
11/15/2021,1.618,1.575,1.632,1.541
11/12/2021,1.57,1.577,1.589,1.541
11/11/2021,1.578,1.585,1.585,1.578
11/10/2021,1.57,1.463,1.592,1.454
11/9/2021,1.439,1.49,1.49,1.415
11/8/2021,1.493,1.464,1.504,1.46
11/5/2021,1.455,1.545,1.552,1.436
11/4/2021,1.53,1.593,1.609,1.509
11/3/2021,1.603,1.554,1.609,1.519
11/2/2021,1.547,1.568,1.573,1.528
11/1/2021,1.561,1.575,1.605,1.554
10/29/2021,1.561,1.568,1.619,1.536
10/28/2021,1.578,1.541,1.584,1.53
10/27/2021,1.55,1.617,1.634,1.52
10/26/2021,1.61,1.636,1.654,1.609
10/25/2021,1.633,1.648,1.673,1.62
10/22/2021,1.638,1.692,1.699,1.634
10/21/2021,1.696,1.665,1.705,1.638
10/20/2021,1.66,1.658,1.673,1.62
10/19/2021,1.641,1.591,1.646,1.566
10/18/2021,1.591,1.589,1.627,1.576
10/15/2021,1.574,1.519,1.579,1.518
10/14/2021,1.516,1.547,1.566,1.507
10/13/2021,1.542,1.572,1.602,1.526
10/12/2021,1.572,1.629,1.631,1.565
10/11/2021,1.628,1.622,1.628,1.622
10/8/2021,1.612,1.585,1.617,1.558
10/7/2021,1.576,1.531,1.58,1.512
10/6/2021,1.528,1.536,1.573,1.508
10/5/2021,1.528,1.486,1.54,1.472
10/4/2021,1.481,1.46,1.508,1.453
10/1/2021,1.465,1.501,1.51,1.462
9/30/2021,1.492,1.51,1.557,1.484
9/29/2021,1.524,1.55,1.56,1.494
9/28/2021,1.546,1.484,1.567,1.475
9/27/2021,1.491,1.465,1.516,1.442
9/24/2021,1.453,1.428,1.466,1.405
9/23/2021,1.435,1.309,1.437,1.309
9/22/2021,1.304,1.316,1.345,1.296
9/21/2021,1.328,1.311,1.346,1.304
9/20/2021,1.312,1.362,1.372,1.297
9/17/2021,1.363,1.339,1.385,1.326
9/16/2021,1.336,1.304,1.351,1.294
9/15/2021,1.304,1.287,1.321,1.26
9/14/2021,1.284,1.326,1.35,1.263
9/13/2021,1.326,1.343,1.35,1.316
9/10/2021,1.343,1.304,1.355,1.3
9/9/2021,1.297,1.338,1.346,1.287
9/8/2021,1.336,1.368,1.377,1.327
9/7/2021,1.377,1.336,1.385,1.336
9/6/2021,1.336,1.334,1.336,1.334
9/3/2021,1.326,1.292,1.336,1.267
9/2/2021,1.285,1.304,1.305,1.283
9/1/2021,1.299,1.317,1.334,1.283
8/31/2021,1.307,1.28,1.316,1.27
8/30/2021,1.28,1.307,1.316,1.278
8/27/2021,1.31,1.347,1.359,1.3
8/26/2021,1.354,1.344,1.375,1.332
8/25/2021,1.349,1.295,1.352,1.283
8/24/2021,1.297,1.257,1.299,1.257
8/23/2021,1.253,1.26,1.283,1.252
8/20/2021,1.255,1.243,1.267,1.227
8/19/2021,1.243,1.263,1.267,1.22
8/18/2021,1.26,1.26,1.3,1.255
8/17/2021,1.267,1.263,1.273,1.217
8/16/2021,1.268,1.285,1.285,1.223
8/13/2021,1.283,1.357,1.364,1.28
8/12/2021,1.361,1.345,1.379,1.334
8/11/2021,1.335,1.357,1.378,1.302
8/10/2021,1.354,1.322,1.357,1.307
8/9/2021,1.325,1.297,1.331,1.268
8/6/2021,1.305,1.227,1.305,1.225
8/5/2021,1.225,1.19,1.229,1.169
8/4/2021,1.18,1.177,1.215,1.127
8/3/2021,1.174,1.181,1.2,1.154
8/2/2021,1.179,1.237,1.245,1.151
7/30/2021,1.226,1.263,1.264,1.224
7/29/2021,1.266,1.239,1.284,1.231
7/28/2021,1.238,1.243,1.278,1.226
7/27/2021,1.239,1.29,1.29,1.229
7/26/2021,1.295,1.283,1.296,1.221
7/23/2021,1.281,1.268,1.311,1.268
7/22/2021,1.277,1.288,1.317,1.233
7/21/2021,1.292,1.227,1.303,1.194
7/20/2021,1.222,1.209,1.225,1.128
7/19/2021,1.199,1.27,1.29,1.174
7/16/2021,1.3,1.302,1.336,1.292
7/15/2021,1.301,1.346,1.349,1.292
7/14/2021,1.349,1.415,1.423,1.347
7/13/2021,1.418,1.366,1.422,1.343
7/12/2021,1.368,1.361,1.376,1.326
7/9/2021,1.361,1.306,1.363,1.306
7/8/2021,1.294,1.32,1.321,1.25
7/7/2021,1.323,1.357,1.368,1.296
7/6/2021,1.352,1.439,1.449,1.348
7/5/2021,1.436,1.437,1.437,1.436
7/2/2021,1.431,1.468,1.471,1.426
7/1/2021,1.459,1.47,1.485,1.454
6/30/2021,1.468,1.477,1.485,1.438
6/29/2021,1.475,1.483,1.51,1.471
6/28/2021,1.482,1.528,1.534,1.471
6/25/2021,1.524,1.494,1.544,1.478
6/24/2021,1.499,1.485,1.505,1.477
6/23/2021,1.485,1.468,1.499,1.458
6/22/2021,1.467,1.494,1.509,1.462
6/21/2021,1.497,1.44,1.497,1.354
6/18/2021,1.443,1.516,1.524,1.438
6/17/2021,1.511,1.587,1.594,1.472
6/16/2021,1.581,1.496,1.594,1.482
6/15/2021,1.489,1.494,1.513,1.48
6/14/2021,1.497,1.462,1.502,1.455
6/11/2021,1.454,1.442,1.472,1.428
6/10/2021,1.437,1.491,1.535,1.435
6/9/2021,1.492,1.536,1.536,1.472
6/8/2021,1.538,1.57,1.574,1.513
6/7/2021,1.569,1.567,1.582,1.564
6/4/2021,1.557,1.628,1.635,1.555
6/3/2021,1.625,1.586,1.63,1.584
6/2/2021,1.589,1.613,1.622,1.587
6/1/2021,1.606,1.608,1.639,1.605
5/31/2021,1.61,1.608,1.61,1.608
5/28/2021,1.581,1.615,1.623,1.577
5/27/2021,1.606,1.581,1.625,1.571
5/26/2021,1.581,1.564,1.582,1.552
5/25/2021,1.56,1.608,1.61,1.554
5/24/2021,1.603,1.62,1.627,1.596
5/21/2021,1.623,1.635,1.64,1.613
5/20/2021,1.628,1.673,1.68,1.625
5/19/2021,1.676,1.642,1.692,1.62
5/18/2021,1.64,1.647,1.657,1.628
5/17/2021,1.652,1.635,1.652,1.605
5/14/2021,1.635,1.663,1.668,1.625
5/13/2021,1.659,1.702,1.707,1.651
5/12/2021,1.693,1.629,1.701,1.609
5/11/2021,1.622,1.602,1.631,1.586
5/10/2021,1.604,1.586,1.609,1.559
5/7/2021,1.579,1.566,1.584,1.469
5/6/2021,1.57,1.58,1.591,1.557
5/5/2021,1.571,1.592,1.626,1.568
5/4/2021,1.591,1.605,1.624,1.557
5/3/2021,1.599,1.631,1.655,1.578
4/30/2021,1.626,1.645,1.659,1.62
4/29/2021,1.641,1.615,1.69,1.615
4/28/2021,1.611,1.62,1.661,1.608
4/27/2021,1.625,1.57,1.63,1.57
4/26/2021,1.568,1.563,1.599,1.556
4/23/2021,1.559,1.547,1.582,1.531
4/22/2021,1.542,1.554,1.587,1.531
4/21/2021,1.559,1.564,1.586,1.554
4/20/2021,1.566,1.598,1.633,1.557
4/19/2021,1.61,1.578,1.617,1.552
4/16/2021,1.59,1.565,1.599,1.552
4/15/2021,1.574,1.641,1.646,1.528
4/14/2021,1.634,1.615,1.65,1.611
